GEOG,2000_POP,2010_POP,POP_CHANGE,TOT_POP,UND19,A20_34,A35_49,A50_64,A65_79,OV80,MED_AGE,WHITE,HISP,BLACK,ASIAN,OTHER,POP_HH,POP_16OV,IN_LBFRC,EMP,UNEMP,NOT_IN_LBFRC,WORK_AT_HOME,TOT_COMM,DROVE_AL,CARPOOL,TRANSIT,WALK_BIKE,COMM_OTHER,POP_25OV,HS,BACH,INC_LT_25K,INC_25_50K,INC_50_75K,INC_75_100K,INC_100_150K,INC_GT_150,MEDINC,TOT_HH,OWN_OCC_HU,RENT_OCC_HU,VAC_HU,HU_TOT,HU_SNG_DET,HU_SNG_ATT,HU_2UN,HU_3_4UN,HU_GT_5UN,MED_ROOMS,HA_AFT2000,HA_70_00,HA_40_70,HA_BEF1940,MED_HA,BR_0_1,BR_2,BR_3,BR_4,BR_5,HV_LT_150K,HV_150_300K,HV_300_500K,HV_GT_500K,MED_HV,TOT_EMP_RES,RES_NAICS1_TYPE,RES_NAICS2_TYPE,RES_NAICS3_TYPE,RES_NAICS4_TYPE,RES_NAICS5_TYPE,RES_NAICS1_COUNT,RES_NAICS2_COUNT,RES_NAICS3_COUNT,RES_NAICS4_COUNT,RES_NAICS5_COUNT,TOT_EMP_WORK,WORK_NAICS1_TYPE,WORK_NAICS2_TYPE,WORK_NAICS3_TYPE,WORK_NAICS4_TYPE,WORK_NAICS5_TYPE,WORK_NAICS1_COUNT,WORK_NAICS2_COUNT,WORK_NAICS3_COUNT,WORK_NAICS4_COUNT,WORK_NAICS5_COUNT,RES_CITY1_TYPE,RES_CITY2_TYPE,RES_CITY3_TYPE,RES_CITY4_TYPE,RES_CITY5_TYPE,RES_CITY1_COUNT,RES_CITY2_COUNT,RES_CITY3_COUNT,RES_CITY4_COUNT,RES_CITY5_COUNT,WORK_CITY1_TYPE,WORK_CITY2_TYPE,WORK_CITY3_TYPE,WORK_CITY4_TYPE,WORK_CITY5_TYPE,WORK_CITY1_COUNT,WORK_CITY2_COUNT,WORK_CITY3_COUNT,WORK_CITY4_COUNT,WORK_CITY5_COUNT,MedIncFam_Hcost,MedIncFam_Tcost,MedIncFam_HTcost,Ret_Hcost,Ret_Tcost,Ret_HTcost,SPFam_Hcost,SPFam_Tcost,SPFam_HTcost,ModIncFam_Hcost,ModIncFam_Tcost,ModIncFam_HTcost,IDES_EMP,EMP_CHANGE,PCT_CHANGE,AVG_VMT,RET_SALES,RES_EAV,CMRCL_EAV,IND_EAV,RAIL_EAV,FARM_EAV,MIN_EAV,TOT_EAV,WALKSCORE,PARK_ACC,TOT_ACRES,SF,Sfperc,MF,Mfperc,MIX,MIXperc,COMM,COMMperc,INST,INSTperc,IND,INDperc,TRANS,TRANSperc,AG,Agperc,OPEN,OPENperc,VACANT,VACperc
Albany Park,57655,51542,-6113,52930,14351,14417,11908,8016,3062,1176,32.8619469,15421,26892,2017,7387,1213,51406,41514,29932,26928,3004,11582,1248,25146,12376,2469,8639,1465,197,34758,25405,10214,4018,3776,3187,1908,1947,1590,53029.6457,16426,6433,9993,1578,18004,3411,137,3433,3961,7018,5.391191148,752,1515,3703,12034,n/a,4374,7309,4753,1227,341,1009,2983,1741,700,257296.2555,17570.0,Health Care,Accommodation and Food Service,Retail Trade,Education,Professional,2459.0,1929.0,1769.0,1536.0,1528.0,4876.0,Health Care,Retail Trade,Manufacturing,Information,Accommodation and Food Service,1046.0,918.0,594.0,369.0,353.0,Outside of Chicago,The Loop,Near North Side,Near West Side,Albany Park,7238.0,2741.0,1370.0,806.0,462.0,Outside of Chicago,Albany Park,Irving Park,West Ridge,Portage Park,2064.0,462.0,172.0,151.0,147.0,,,,,,,,,,,,,,,,10678,,,,,,,,,,0.482425578,1229.165404,303.4170426,24.68480171,295.0551528,24.00451167,34.16187549,2.779274082,75.53865496,6.145524006,54.35986013,4.422501639,19.92993761,1.621420319,414.7368117,33.7413346,0,0,25.29318133,2.05775246,6.672887139,0.542879511
Archer Heights,12644,13393,749,13971,4319,3277,2876,2058,1020,420,31.8057971,2884,10568,109,330,79,13961,10518,6958,5963,995,3561,105,5691,3468,1033,847,316,26,8469,5741,861,871,1386,768,347,420,127,42211.53846,3918,2259,1659,305,4224,1912,81,1117,855,224,5.494037479,13,727,2083,1401,n/a,353,1537,1684,395,255,570,1456,197,36,190816.3265,4612.0,Manufacturing,Administration,Health Care,Accommodation and Food Service,Retail Trade,672.0,517.0,483.0,478.0,466.0,9392.0,Manufacturing,Transportation,Administration,Wholesale Trade,Retail Trade,3063.0,2003.0,1216.0,824.0,699.0,Outside of Chicago,The Loop,Near West Side,Near North Side,Archer Heights,1810.0,660.0,258.0,244.0,232.0,Outside of Chicago,South Lawndale,Brighton Park,West Lawn,Archer Heights,5031.0,295.0,268.0,251.0,232.0,,,,,,,,,,,,,,,,16297,,,,,,,,,,2.295252369,1283.809214,168.603969,13.13310164,68.81167134,5.359960855,18.26305598,1.42256776,45.39025193,3.535591692,34.65081461,2.699062619,344.6775902,26.84803835,558.5992065,43.51107628,0,0,12.29543917,0.957731027,32.51721563,2.532869781
Armour Square,12032,13391,1359,13907,3037,3206,2434,2651,1639,941,40.39561707,1636,551,1479,9772,469,13898,11614,7092,6022,1070,4522,279,5612,2193,1335,1086,890,107,9788,6495,2064,2669,1030,661,284,396,128,23805.24862,5167,1849,3317,496,5662,395,779,652,1202,2625,4.773133376,970,1794,931,1968,n/a,1498,1760,1892,381,130,190,877,579,205,277968.75,4713.0,Accommodation and Food Service,Health Care,Retail Trade,Manufacturing,Administration,880.0,656.0,416.0,386.0,385.0,4909.0,Accommodation and Food Service,Arts and Entertainment,Administration,Health Care,Retail Trade,1397.0,750.0,651.0,583.0,366.0,Outside of Chicago,The Loop,Armour Square,Near North Side,Near West Side,1511.0,874.0,589.0,280.0,259.0,Outside of Chicago,Bridgeport,Armour Square,Brighton Park,McKinley Park,1314.0,655.0,589.0,236.0,225.0,,,,,,,,,,,,,,,,7910,,,,,,,,,,1.558752465,637.4266997,56.41081934,8.849773529,78.58521482,12.32851006,9.812171465,1.539341146,90.28909579,14.16462408,11.24932564,1.764803019,18.04605334,2.831078985,343.6483913,53.91182883,0,0,15.01924855,2.356231478,14.36637948,2.253808867
Ashburn,39584,41081,1497,42809,12553,8473,8808,8724,3201,1050,35.72645907,6232,15384,20584,195,414,42223,33144,21841,18999,2842,11303,242,18115,12904,2383,2494,236,98,26900,22511,5480,1984,2732,2545,2198,2314,949,66017.96407,12722,10834,1888,743,13465,11798,70,180,547,859,6.494339126,265,2205,10329,666,n/a,346,2219,7632,2411,857,4486,5801,494,53,161254.8356,15903.0,Health Care,Education,Public Administration,Retail Trade,Manufacturing,2174.0,2048.0,1736.0,1460.0,1311.0,5064.0,Retail Trade,Health Care,Utilities,Accommodation and Food Service,Administration,1107.0,862.0,776.0,353.0,336.0,Outside of Chicago,The Loop,Near West Side,Near North Side,Ashburn,6439.0,3723.0,957.0,826.0,254.0,Outside of Chicago,Ashburn,Auburn Gresham,Chicago Lawn,South Shore,2686.0,254.0,165.0,155.0,92.0,,,,,,,,,,,,,,,,17792,,,,,,,,,,6.474023854,3109.75388,1267.913641,40.772154,40.08878115,1.289130352,10.0197072,0.322202579,132.4053476,4.257743626,147.2488758,4.735065265,104.5748047,3.36280004,1064.249375,34.22294548,0,0,259.8676675,8.356534875,83.38567988,2.681423775
Auburn Gresham,55928,48743,-7185,47611,13305,9014,8262,9515,5541,1974,37.90656425,175,672,46204,126,434,47510,37320,20445,14671,5722,16875,502,13811,7609,1009,4726,335,132,31196,25610,4119,7403,4381,2849,1248,874,403,30000,17158,7445,9713,3330,20488,8300,438,3999,3838,3869,5.820135296,676,1753,8758,9301,n/a,3777,6802,6791,2212,906,4533,2637,238,37,127610.4972,14393.0,Health Care,Education,Retail Trade,Administration,Transportation,2954.0,1643.0,1482.0,1381.0,1172.0,2502.0,Retail Trade,Accommodation and Food Service,Transportation,Health Care,Education,565.0,338.0,274.0,228.0,194.0,Outside of Chicago,The Loop,Near West Side,Near North Side,Hyde Park,4881.0,2855.0,1089.0,1068.0,291.0,Outside of Chicago,Auburn Gresham,Greater Grand Crossing,South Shore,Chatham,952.0,217.0,79.0,79.0,77.0,,,,,,,,,,,,,,,,9968,,,,,,,,,,1.259252363,2411.97828,801.5894952,33.2336946,318.6968128,13.21308801,22.26967395,0.923294962,92.43688389,3.832409465,106.6254839,4.420665178,57.72949206,2.393449914,834.4356593,34.59548812,0,0,59.01160297,2.446605903,119.1831756,4.94130385
Austin,117527,98514,-19013,99711,30407,20747,18665,18300,9178,2414,33.86961134,4213,10249,83987,475,787,98492,76005,41807,32579,9219,34198,941,30703,18497,2127,8940,670,469,61370,46332,7138,13223,8922,4565,2587,2050,930,31434.91124,32277,12625,19652,5520,37797,10036,647,10881,7340,8814,5.724772068,1200,2799,9591,24207,n/a,7232,13760,11441,3355,2009,4470,6440,1543,172,176157.5875,33030.0,Health Care,Retail Trade,Administration,Education,Accommodation and Food Service,6253.0,3731.0,3626.0,2786.0,2733.0,16657.0,Administration,Manufacturing,Health Care,Retail Trade,Accommodation and Food Service,4756.0,2401.0,2063.0,2016.0,898.0,Outside of Chicago,The Loop,Near North Side,Near West Side,Austin,15019.0,4968.0,2028.0,1857.0,1283.0,Outside of Chicago,Austin,Belmont Cragin,Humboldt Park,North Lawndale,8643.0,1283.0,372.0,344.0,260.0,,,,,,,,,,,,,,,,10431,,,,,,,,,,1.703290908,4574.26539,964.350138,21.0820767,795.1978621,17.38416542,62.58868716,1.368278441,231.1541003,5.053360061,184.0717346,4.02407204,502.8442191,10.99289561,1464.868582,32.02412753,0,0,199.7020962,4.365774155,169.4879709,3.705250055
Avalon Park,11147,10185,-962,10071,2066,2044,1669,2262,1510,519,43.31402821,219,59,9695,30,68,10066,8423,4911,3820,1091,3512,180,3491,2253,393,771,46,28,7272,6509,1630,1143,1029,472,504,528,155,44583.33333,3833,2641,1191,605,4436,2933,243,329,434,498,6.387152778,296,224,1863,2053,n/a,745,1062,1619,667,343,1138,1344,70,89,158340.9506,3392.0,Health Care,Education,Public Administration,Administration,Transportation,675.0,487.0,306.0,284.0,257.0,2644.0,Health Care,Construction,Retail Trade,Wholesale Trade,Finance,1673.0,251.0,135.0,102.0,94.0,The Loop,Outside of Chicago,Near North Side,Near West Side,Hyde Park,912.0,902.0,289.0,244.0,91.0,Outside of Chicago,South Shore,Auburn Gresham,Roseland,Austin,871.0,116.0,113.0,110.0,98.0,,,,,,,,,,,,,,,,13331,,,,,,,,,,2.526221468,800.1119601,304.540354,38.06221744,27.50519979,3.437668872,2.008937158,0.251082006,44.84282033,5.604568181,42.62792676,5.327745227,12.59788038,1.574514694,316.7689897,39.59058301,0,0,28.04818615,3.505532669,21.17166581,2.646087906
Avondale,43083,39262,-3821,39117,9565,12319,8099,5726,2721,687,32.07036255,12629,23537,873,1297,781,39050,31248,21525,19685,1840,9723,676,18709,10255,2052,5052,1093,257,25728,18999,6607,3405,4250,2602,1336,1194,773,44447.3342,13560,5202,8358,1557,15117,2528,485,4538,4529,2975,5.519970098,1047,963,1810,11297,n/a,2688,7226,3883,817,503,593,2423,1929,257,279716.52,14908.0,Accommodation and Food Service,Retail Trade,Health Care,Manufacturing,Administration,1666.0,1637.0,1634.0,1377.0,1309.0,10284.0,Administration,Retail Trade,Manufacturing,Utilities,Construction,2759.0,1841.0,1539.0,991.0,494.0,Outside of Chicago,The Loop,Near North Side,Near West Side,West Town,5481.0,2286.0,1181.0,815.0,537.0,Outside of Chicago,Avondale,Logan Square,Belmont Cragin,Irving Park,5655.0,398.0,290.0,256.0,234.0,,,,,,,,,,,,,,,,12721,,,,,,,,,,0.208436848,1269.302494,160.794463,12.66793879,312.460994,24.61674782,34.21585093,2.695641984,100.0941485,7.885760013,24.98077249,1.968070859,135.1840403,10.65026193,478.8565799,37.72596227,0,0,8.819134561,0.694801641,13.89651014,1.094814688
Belmont Cragin,78144,78743,599,79022,25902,18259,17142,11561,4606,1551,31.41423983,11228,62768,2802,1272,952,78716,58320,39676,34013,5649,18643,534,32592,20310,5427,5182,1167,506,47164,28853,5142,5534,6606,4448,2067,2135,691,43223.47267,21480,10548,10933,2687,24168,8815,347,6155,5728,3021,5.601213458,1008,1998,8005,13158,n/a,3580,10059,6822,2095,1612,2199,6660,1540,149,209062.5,26623.0,Manufacturing,Retail Trade,Health Care,Administration,Accommodation and Food Service,3960.0,3236.0,3164.0,2920.0,2634.0,10466.0,Administration,Retail Trade,Accommodation and Food Service,Manufacturing,Health Care,3491.0,2494.0,956.0,811.0,539.0,Outside of Chicago,The Loop,Near North Side,Near West Side,Belmont Cragin,12671.0,2946.0,1335.0,961.0,897.0,Outside of Chicago,Belmont Cragin,Portage Park,Logan Square,Austin,5522.0,897.0,253.0,227.0,221.0,,,,,,,,,,,,,,,,13137,,,,,,,,,,0.85550637,2504.58795,716.3561768,28.6017577,379.1397907,15.13781102,49.18059872,1.963620352,242.493455,9.681970043,135.0271519,5.391192268,132.7862092,5.30171876,775.7019832,30.97124153,0,0,64.47552704,2.574296784,9.427057168,0.376391541
Beverly,21992,20034,-1958,21002,5675,2967,4491,5111,2124,634,42.02995539,11761,1169,7601,83,388,20978,16425,11138,10310,828,5287,450,9621,6864,684,1768,229,76,14198,13816,7887,704,1143,1083,1169,1477,1950,92814.37126,7526,6154,1372,503,8029,6241,91,388,203,1102,7.243694362,171,203,3599,4056,n/a,857,1425,3043,1901,803,677,2581,2191,705,290195.0163,9789.0,Education,Public Administration,Health Care,Professional,Retail Trade,1787.0,1315.0,1236.0,703.0,685.0,2947.0,Retail Trade,Health Care,Education,Accommodation and Food Service,Administration,441.0,418.0,395.0,390.0,314.0,Outside of Chicago,The Loop,Near West Side,Near North Side,Beverly,3630.0,3028.0,461.0,444.0,289.0,Outside of Chicago,Beverly,Morgan Park,Auburn Gresham,Mount Greenwood,1520.0,289.0,73.0,64.0,57.0,,,,,,,,,,,,,,,,16986,,,,,,,,,,11.79698832,2038.101903,1043.965831,51.22245505,58.82863718,2.886442385,10.10255934,0.495684702,66.50576275,3.263122548,43.94846432,2.156342833,0,0,548.9551807,26.93462873,0,0,257.9797647,12.65784426,7.815702824,0.383479492
Bridgeport,33694,31977,-1717,31882,6997,8656,6118,6825,2262,1023,35.69705591,10411,8933,874,10846,818,31846,26356,18180,15780,2400,8176,349,15142,8130,2357,3192,1336,128,21889,16821,5415,3618,3322,2027,1433,1055,676,41819.06615,12132,5408,6725,1548,13681,3819,505,3482,3556,2266,5.302959761,1573,1569,1754,8784,n/a,2070,5331,4552,1246,483,709,2630,1599,468,267617.1079,12907.0,Accommodation and Food Service,Health Care,Education,Retail Trade,Manufacturing,1790.0,1386.0,1178.0,1148.0,1095.0,4703.0,Manufacturing,Retail Trade,Education,Accommodation and Food Service,Wholesale Trade,1413.0,448.0,415.0,390.0,383.0,Outside of Chicago,The Loop,Near West Side,Near North Side,Armour Square,3960.0,2690.0,901.0,875.0,655.0,Outside of Chicago,Bridgeport,New City,Brighton Park,McKinley Park,1832.0,526.0,132.0,118.0,106.0,,,,,,,,,,,,,,,,10963,,,,,,,,,,1.29384985,1338.1945,238.0105981,17.7859495,225.290467,16.83540524,31.47252188,2.351864536,56.73188591,4.239434992,32.67399266,2.441647507,139.6054685,10.432375,491.0940713,36.69825807,0,0,43.52151267,3.25225613,79.79398245,5.962809025
Brighton Park,44912,45368,456,44130,15183,10041,10081,6015,2075,735,30.00619665,2950,37509,577,3032,62,44015,32219,20895,17802,3093,11324,238,17027,10292,2877,2974,737,147,25186,13670,1899,3578,4741,1938,888,661,178,35754.06032,11984,5570,6414,2089,14073,3453,194,6229,3639,520,5.328647416,424,830,2796,10023,n/a,1278,6180,4950,1009,656,2150,3068,313,39,167797.0852,12260.0,Manufacturing,Accommodation and Food Service,Retail Trade,Administration,Health Care,2044.0,1429.0,1364.0,1334.0,1231.0,4427.0,Manufacturing,Retail Trade,Wholesale Trade,Accommodation and Food Service,Transportation,1328.0,779.0,661.0,357.0,349.0,Outside of Chicago,The Loop,Near North Side,Near West Side,Brighton Park,4762.0,1516.0,672.0,645.0,414.0,Outside of Chicago,Brighton Park,South Lawndale,Gage Park,West Lawn,2056.0,414.0,129.0,129.0,104.0,,,,,,,,,,,,,,,,13066,,,,,,,,,,0.176141938,1742.265699,246.9997481,14.17692767,303.483701,17.41891039,27.30581295,1.567258826,79.59527452,4.568492311,37.81628462,2.170523396,275.2596348,15.79894702,705.4129841,40.48825528,0,0,8.008578121,0.459664569,58.38368123,3.351020527
Burnside,3294,2916,-378,2618,680,477,367,611,348,135,40.60410959,0,0,2618,0,0,2618,2131,1084,909,175,1047,16,840,474,54,312,0,0,1772,1385,165,448,178,154,40,48,33,25480.76923,901,456,445,351,1252,649,35,229,160,168,5.664850136,208,177,385,482,n/a,257,274,521,181,19,340,102,14,0,120030.1205,868.0,Health Care,Education,Retail Trade,Administration,Accommodation and Food Service,170.0,94.0,85.0,80.0,78.0,1760.0,Transportation,Manufacturing,Retail Trade,Health Care,Wholesale Trade,1036.0,404.0,104.0,88.0,58.0,Outside of Chicago,The Loop,Near North Side,Near West Side,Grand Boulevard,307.0,176.0,75.0,63.0,17.0,Outside of Chicago,Roseland,Auburn Gresham,Chatham,South Shore,616.0,82.0,79.0,65.0,57.0,,,,,,,,,,,,,,,,13235,,,,,,,,,,2.556215667,390.1756487,67.86110364,17.39244975,14.22577233,3.645991844,1.649775154,0.422828836,14.6036981,3.742852264,7.372760182,1.889600288,118.2682688,30.31154538,128.98549,33.05831372,0,0,8.325256009,2.13372004,28.88352449,7.402697884
Calumet Heights,15974,13812,-2162,13400,2775,1647,3069,2624,2415,870,46.37003643,269,519,12462,19,131,13395,11186,6068,4781,1287,5118,92,4464,3054,337,984,48,41,10041,8983,2807,1151,1369,984,823,718,280,52761.62791,5325,4146,1179,650,5975,4489,122,600,450,277,6.462391775,85,384,4040,1466,n/a,347,1471,2982,915,260,1745,2099,225,77,160553.4106,4533.0,Health Care,Education,Public Administration,Administration,Retail Trade,838.0,639.0,443.0,382.0,372.0,2150.0,Health Care,Accommodation and Food Service,Retail Trade,Administration,Other Service,1262.0,261.0,180.0,77.0,76.0,Outside of Chicago,The Loop,Near North Side,Near West Side,Hyde Park,1413.0,1161.0,355.0,324.0,116.0,Outside of Chicago,South Shore,Roseland,South Chicago,Auburn Gresham,1226.0,49.0,49.0,49.0,38.0,,,,,,,,,,,,,,,,13627,,,,,,,,,,1.348199429,1120.900755,436.4703,38.9392458,50.07999342,4.467834749,3.942903448,0.351762048,37.47278059,3.343095313,29.87128958,2.664936165,9.908695151,0.883993976,462.3443331,41.24757087,0,0,21.08344646,1.880937842,69.72701286,6.220623242
Chatham,37275,31028,-6247,31520,7696,5985,5833,7138,3210,1659,40.44234528,203,230,30662,90,335,31481,25475,15251,11802,3449,10224,433,10951,6199,895,3612,158,87,21730,18892,5515,5331,3570,2172,1132,838,439,33976.74419,13480,5027,8454,3121,16603,5244,609,1756,3248,5725,5.401981352,384,1379,7868,6972,n/a,4747,5686,4523,1278,369,2613,2150,240,24,145444.1392,9993.0,Health Care,Education,Administration,Retail Trade,Accommodation and Food Service,2040.0,1271.0,928.0,915.0,786.0,3855.0,Retail Trade,Finance,Health Care,Accommodation and Food Service,Manufacturing,1858.0,627.0,348.0,328.0,160.0,Outside of Chicago,The Loop,Near North Side,Near West Side,Hyde Park,2833.0,2417.0,771.0,739.0,260.0,Outside of Chicago,Chatham,South Shore,Auburn Gresham,Roseland,1743.0,174.0,128.0,124.0,114.0,,,,,,,,,,,,,,,,9995,,,,,,,,,,1.25856841,1889.83011,528.613909,27.97150422,255.9515183,13.5436258,17.77335943,0.940473926,165.4829132,8.756496805,68.76871027,3.638883194,47.0302936,2.48859902,688.7540304,36.44528822,0,0,34.88748787,1.84606477,82.56788797,4.369064051
Chicago Lawn,61412,55628,-5784,56293,19996,12923,10793,8560,3200,821,29.54793059,1854,25583,27974,421,461,56015,40779,24825,19258,5560,15954,552,18099,10923,2831,3836,487,22,31757,22127,2855,6138,4848,2407,1464,778,201,32789.91597,15836,6945,8891,2989,18825,8107,125,3956,3526,3069,5.856453132,306,1703,10854,5962,n/a,3321,5533,6745,2038,1188,4319,2425,144,57,122708.1934,15976.0,Health Care,Manufacturing,Administration,Retail Trade,Accommodation and Food Service,2363.0,1917.0,1751.0,1718.0,1628.0,3477.0,Retail Trade,Health Care,Accommodation and Food Service,Finance,Transportation,1638.0,421.0,314.0,204.0,199.0,Outside of Chicago,The Loop,Near West Side,Near North Side,New City,6906.0,2082.0,971.0,896.0,252.0,Outside of Chicago,Chicago Lawn,Gage Park,Ashburn,West Lawn,1780.0,194.0,88.0,74.0,72.0,,,,,,,,,,,,,,,,12000,,,,,,,,,,4.843539983,2256.195093,675.1320093,29.92347654,254.8777575,11.29679602,34.36921975,1.523326589,105.5816126,4.679631338,65.49579962,2.90293157,54.55941635,2.418204726,708.2770539,31.39254474,0,0,308.4210747,13.66996479,49.48114892,2.193123683
Clearing,22331,23139,808,24452,6555,5569,5119,4151,2053,1005,35.27461538,11776,12005,167,345,159,24441,18988,13217,11858,1359,5771,194,11472,8108,1161,1772,380,51,16599,13867,2870,1766,1680,1808,1334,1350,502,60284.62998,8440,6116,2324,691,9131,5295,548,547,875,1834,5.719314079,302,1980,5703,1146,n/a,913,2681,4147,997,393,1610,4098,392,16,186828.7373,10014.0,Public Administration,Education,Manufacturing,Health Care,Retail Trade,1202.0,1078.0,1027.0,973.0,908.0,3689.0,Manufacturing,Wholesale Trade,Construction,Professional,Real Estate,855.0,549.0,414.0,391.0,263.0,Outside of Chicago,The Loop,Near West Side,Near North Side,Garfield Ridge,4371.0,2323.0,433.0,394.0,227.0,Outside of Chicago,Clearing,Garfield Ridge,Brighton Park,Chicago Lawn,2310.0,223.0,113.0,68.0,66.0,,,,,,,,,,,,,,,,15157,,,,,,,,,,1.627991412,1633.27543,515.7183198,31.57571039,76.67303684,4.694433983,11.23025145,0.687590791,44.63556165,2.732886372,19.76116492,1.209910132,133.6198616,8.181097879,782.3026309,47.89777746,0,0,32.78988298,2.007615027,16.54472025,1.012977967
Douglas,26470,18238,-8232,19430,3894,5858,3499,3345,1829,1005,34.76919192,2329,426,13815,2540,320,16786,16867,9572,7815,1757,7295,360,7083,3326,389,2467,848,53,12806,10948,4865,4093,1778,1620,710,489,381,32530.76923,9071,1718,7353,1374,10445,682,690,304,506,8263,3.986119775,1137,2737,5102,1469,n/a,4988,3244,1468,622,123,530,585,480,123,227013.4228,6383.0,Health Care,Education,Administration,Accommodation and Food Service,Retail Trade,1170.0,790.0,582.0,513.0,490.0,6188.0,Education,Health Care,Administration,Real Estate,Accommodation and Food Service,2488.0,921.0,629.0,615.0,428.0,The Loop,Outside of Chicago,Near North Side,Near West Side,Near South Side,1651.0,1620.0,611.0,560.0,221.0,Outside of Chicago,Douglas,Auburn Gresham,Lake View,South Shore,2339.0,156.0,152.0,144.0,144.0,,,,,,,,,,,,,,,,11047,,,,,,,,,,5.069477417,1049.129881,69.73264622,6.646712429,161.7658946,15.4190532,3.566561911,0.339954278,53.6071738,5.109679435,199.9092811,19.05476954,0.811401883,0.077340461,309.2617729,29.47793008,0,0,142.5824326,13.59054156,107.8927164,10.28401901
Dunning,42164,41932,-232,43053,9384,9364,8449,9684,4167,2005,40.52252711,29060,11255,694,1583,461,42912,35581,24081,21828,2253,11500,151,21246,16524,1988,2118,415,201,31069,26582,7101,2998,3457,2838,2318,2681,1009,61181.99663,15301,11392,3909,1056,16357,10513,580,1201,1163,2825,5.890367405,823,3342,7879,4313,n/a,1562,6120,6010,1987,678,1354,7466,2323,249,231358.756,19146.0,Health Care,Retail Trade,Manufacturing,Education,Accommodation and Food Service,2296.0,2039.0,1997.0,1806.0,1530.0,6714.0,Health Care,Education,Administration,Retail Trade,Manufacturing,1620.0,1069.0,791.0,738.0,727.0,Outside of Chicago,The Loop,Near North Side,Near West Side,O'Hare,9742.0,3027.0,738.0,668.0,524.0,Outside of Chicago,Dunning,Portage Park,Austin,Belmont Cragin,2893.0,485.0,224.0,208.0,173.0,,,,,,,,,,,,,,,,14526,,,,,,,,,,1.795772057,2378.223495,1013.498011,42.61575976,134.9948337,5.676288793,22.03000252,0.926321793,68.53168611,2.88163355,390.1737675,16.4061018,29.32490843,1.233059403,641.3454779,26.9674183,0.085958485,0.003614399,73.38541411,3.08572404,4.853435074,0.204078174
East Garfield Park,20881,20567,-314,20262,6742,4708,3630,3319,1411,452,30.30341637,827,680,18535,59,162,19498,14871,6933,5504,1429,7938,277,5108,2689,243,1741,326,110,11703,9249,1555,3656,1501,775,539,271,138,22313.89578,6880,1600,5280,1761,8641,951,409,2181,2533,2563,5.52373581,832,1151,929,5729,n/a,1810,2621,3034,877,300,718,755,108,19,167826.087,6873.0,Health Care,Administration,Retail Trade,Education,Accommodation and Food Service,1279.0,813.0,775.0,700.0,586.0,3248.0,Health Care,Professional,Administration,Construction,Manufacturing,1155.0,533.0,379.0,276.0,169.0,Outside of Chicago,The Loop,Near West Side,Near North Side,West Town,2588.0,1113.0,555.0,431.0,184.0,Outside of Chicago,Austin,Lake View,West Town,East Garfield Park,1380.0,108.0,85.0,75.0,74.0,,,,,,,,,,,,,,,,8764,,,,,,,,,,7.87497127,1236.993489,58.22217529,4.706748726,212.834396,17.20578143,9.440127786,0.763150968,41.3825363,3.345412621,75.73882387,6.122815079,76.82779453,6.21084874,409.9241273,33.13874575,0,0,182.8339024,14.78050645,169.7896056,13.72599024
East Side,23653,23042,-611,23700,8095,4811,4846,3749,1502,698,31.63333333,4074,19121,398,34,73,23690,17021,11141,9140,1978,5880,104,8818,6207,1337,989,285,0,13963,9769,1754,1746,1982,1245,748,689,300,43720.62663,6710,4648,2062,1042,7752,4750,213,1796,831,136,6.087271179,75,587,3794,3296,n/a,348,2316,3768,905,415,3107,1423,110,8,123795.3368,7270.0,Manufacturing,Health Care,Education,Accommodation and Food Service,Retail Trade,1108.0,822.0,718.0,686.0,672.0,1417.0,Administration,Transportation,Retail Trade,Accommodation and Food Service,Construction,279.0,260.0,197.0,155.0,123.0,Outside of Chicago,The Loop,Near North Side,Near West Side,East Side,3294.0,1235.0,358.0,311.0,199.0,Outside of Chicago,East Side,Hegewisch,South Chicago,South Deering,810.0,199.0,44.0,30.0,23.0,,,,,,,,,,,,,,,,17325,,,,,,,,,,8.164206433,1907.353119,466.5220215,24.45913223,80.61552939,4.226565525,11.13576959,0.583833663,38.84450871,2.036566188,88.34349728,4.631732655,116.2214356,6.093336069,791.1367683,41.47825383,0,0,191.5231655,10.04130612,123.0104236,6.449273726
Edgewater,62198,56521,-5677,55276,8545,16367,12934,10369,5101,1960,37.91328244,30151,9007,7685,6482,1951,52352,49290,34371,31169,3202,14919,1983,28715,10322,2125,13301,2494,473,42578,38679,23199,8188,7167,4755,3133,2980,2446,44482.8156,28669,11005,17664,3448,32117,1996,390,2175,2808,24733,4.196514616,1054,6024,11025,14014,n/a,17606,9151,4117,818,425,2443,4789,2328,1445,231217.1916,26025.0,Health Care,Professional,Education,Accommodation and Food Service,Retail Trade,3590.0,3105.0,2917.0,2743.0,2149.0,9299.0,Health Care,Accommodation and Food Service,Retail Trade,Professional,Other Service,3018.0,1591.0,1229.0,758.0,601.0,Outside of Chicago,The Loop,Near North Side,Near West Side,Edgewater,8552.0,5384.0,3036.0,1482.0,950.0,Outside of Chicago,Edgewater,West Ridge,Rogers Park,Lincoln Square,3377.0,950.0,450.0,374.0,352.0,,,,,,,,,,,,,,,,6724,,,,,,,,,,1.27005272,1109.972072,147.5494054,13.29307368,356.2291811,32.09352649,23.50825623,2.117914208,78.44762837,7.067531726,63.72437228,5.741078885,6.569768369,0.591885916,347.9023435,31.34334206,0,0,80.36423885,7.240203681,5.676878398,0.511443354
Edison Park,11328,11187,-141,10844,2230,1984,2518,2299,1073,741,42.75208738,9560,854,117,216,98,10839,9013,6017,5612,405,2996,202,5307,3947,321,676,290,72,8166,7525,3416,489,841,714,741,792,848,80651.1471,4425,3479,945,429,4853,3280,68,143,196,1166,5.945588235,158,604,2791,1300,n/a,534,1642,1708,693,276,200,1376,1519,384,317775.3544,5978.0,Public Administration,Education,Health Care,Professional,Retail Trade,910.0,724.0,694.0,470.0,469.0,2421.0,Administration,Professional,Accommodation and Food Service,Health Care,Real Estate,807.0,380.0,225.0,190.0,128.0,Outside of Chicago,The Loop,Near North Side,Near West Side,O'Hare,2945.0,1435.0,243.0,172.0,163.0,Outside of Chicago,Edison Park,Norwood Park,Portage Park,Jefferson Park,1301.0,121.0,86.0,73.0,57.0,,,,,,,,,,,,,,,,13794,,,,,,,,,,1.8859474,726.272722,379.043268,52.19021127,39.67530166,5.462865458,6.920404989,0.952865884,23.64640901,3.255858067,10.75110784,1.480312769,9.081325659,1.250401589,236.6137761,32.57919084,0,0,20.23258069,2.785810354,0.308548035,0.04248377
Englewood,40222,30654,-9568,27297,8825,6170,4312,5029,2002,959,31.26882223,226,543,26054,73,401,27168,20387,10347,6536,3805,10040,349,5982,2781,457,2542,163,39,16040,11473,966,5640,2042,1027,287,295,70,18959.58084,9361,2666,6695,5011,14372,3235,309,5197,2271,3329,5.714321172,605,1891,4652,7224,n/a,2627,4721,4876,1380,768,1956,631,74,5,102311.828,7205.0,Health Care,Retail Trade,Administration,Accommodation and Food Service,Education,1506.0,894.0,873.0,689.0,588.0,1713.0,Health Care,Retail Trade,Education,Other Service,Accommodation and Food Service,942.0,294.0,165.0,81.0,46.0,Outside of Chicago,The Loop,Near West Side,Near North Side,Hyde Park,2798.0,1042.0,485.0,463.0,106.0,Outside of Chicago,Englewood,Auburn Gresham,West Englewood,South Shore,625.0,100.0,80.0,48.0,48.0,,,,,,,,,,,,,,,,7315,,,,,,,,,,1.11561644,1966.314639,258.6081504,13.15192112,318.0742048,16.17616013,14.44962405,0.734858184,45.73708946,2.326031071,163.898962,8.335337525,11.6046536,0.590172771,720.45136,36.63967839,0,0,43.64904472,2.219840297,389.8415503,19.8260005
Forest Glen,18165,18508,343,18501,4943,2353,3930,4129,2044,1101,42.5289823,13292,2358,31,2551,268,18469,14207,9448,8864,584,4758,421,8284,5964,718,1219,290,93,12747,12137,7388,738,1138,907,705,1393,1802,94822.69504,6682,5924,759,474,7157,5848,290,329,279,411,6.881061599,270,675,4604,1609,n/a,359,1609,3590,1243,356,310,971,2780,1862,416248.0974,8720.0,Health Care,Education,Public Administration,Professional,Retail Trade,1169.0,1091.0,922.0,827.0,707.0,4498.0,Health Care,Professional,Wholesale Trade,Retail Trade,Finance,1722.0,589.0,343.0,304.0,237.0,Outside of Chicago,The Loop,Near North Side,Near West Side,Forest Glen,3464.0,2207.0,542.0,387.0,239.0,Outside of Chicago,Forest Glen,West Ridge,Portage Park,Norwood Park,2573.0,239.0,126.0,110.0,86.0,,,,,,,,,,,,,,,,15847,,,,,,,,,,26.32218832,2046.171968,822.1521591,40.18001283,33.18275514,1.621699235,6.030420939,0.29471721,47.32798843,2.313001506,42.83622127,2.093480995,10.52526143,0.51438792,609.9879883,29.81117902,0,0,467.2462128,22.83513899,6.882960401,0.336382304
Fuller Park,3420,2876,-544,2621,654,486,429,506,461,85,39.59038462,84,216,2294,14,14,2608,2094,1078,692,386,1017,55,642,325,58,204,45,10,1781,1360,240,670,239,81,71,57,12,17218.04511,1131,383,752,418,1554,317,67,498,194,464,5.239520958,31,210,619,693,n/a,522,398,455,110,69,318,28,12,22,102106.7416,877.0,Health Care,Administration,Retail Trade,Accommodation and Food Service,Education,173.0,91.0,89.0,88.0,70.0,1425.0,Manufacturing,Wholesale Trade,Retail Trade,Health Care,Accommodation and Food Service,521.0,240.0,237.0,176.0,128.0,Outside of Chicago,The Loop,Near North Side,Near West Side,Hyde Park,276.0,148.0,67.0,66.0,22.0,Outside of Chicago,Auburn Gresham,West Englewood,Chicago Lawn,Austin,629.0,42.0,36.0,36.0,34.0,,,,,,,,,,,,,,,,5607,,,,,,,,,,3.598379828,457.2264586,28.175227,6.162203974,28.5592556,6.24619487,3.970976726,0.868492331,14.49331306,3.169832539,18.78483376,4.108431043,36.53074945,7.989640311,263.3553565,57.59845074,0,0,11.25372789,2.461302857,52.1030186,11.39545134
Gage Park,39193,39894,701,40381,14564,9846,8961,4520,2029,461,28.39697286,1421,37260,1336,333,31,40333,28673,19415,16275,3140,9258,258,15430,8430,3389,3108,459,44,22515,11515,1272,2772,3355,1736,929,550,109,37940.95665,9451,5150,4301,1054,10505,4946,63,2568,2073,826,5.663261516,68,1063,4390,4984,n/a,1292,3656,3747,1026,784,2876,2131,133,10,136116.2362,10538.0,Manufacturing,Administration,Health Care,Accommodation and Food Service,Retail Trade,1773.0,1317.0,1112.0,1107.0,1078.0,4233.0,Administration,Wholesale Trade,Retail Trade,Accommodation and Food Service,Other Service,1185.0,1154.0,654.0,294.0,216.0,Outside of Chicago,The Loop,Near North Side,Near West Side,West Town,4643.0,1187.0,575.0,534.0,250.0,Outside of Chicago,Gage Park,Chicago Lawn,New City,Ashburn,1959.0,246.0,145.0,104.0,101.0,,,,,,,,,,,,,,,,15110,,,,,,,,,,1.30871361,1406.913252,409.0939022,29.07740769,155.5935161,11.05921178,18.5011768,1.315019016,63.42243295,4.507913537,70.04885912,4.978903924,150.6192322,10.70565168,491.320014,34.92184136,0,0,25.2941829,1.797849502,23.01993587,1.63620151
Garfield Ridge,36101,34513,-1588,34724,8781,6457,7820,6646,3366,1654,39.26890894,17160,15297,1461,507,299,34528,27966,17982,15818,2164,9984,140,15245,11371,1593,1857,382,42,23902,19646,5189,2180,2589,2292,1565,2088,1219,62042.22573,11933,9787,2155,731,12673,10440,253,545,633,764,5.973170732,323,2073,8935,1342,n/a,732,2619,6855,1699,768,1929,6553,1188,108,208579.6806,15179.0,Public Administration,Manufacturing,Education,Health Care,Retail Trade,1722.0,1706.0,1609.0,1462.0,1374.0,11927.0,Transportation,Administration,Retail Trade,Accommodation and Food Service,Manufacturing,5031.0,1219.0,1083.0,1025.0,722.0,Outside of Chicago,The Loop,Near West Side,Near North Side,Garfield Ridge,6569.0,3437.0,723.0,720.0,604.0,Outside of Chicago,Garfield Ridge,Clearing,Austin,Ashburn,6984.0,604.0,227.0,178.0,169.0,,,,,,,,,,,,,,,,16173,,,,,,,,,,1.345309055,2706.41069,1033.300914,38.17975291,95.16380635,3.516236716,15.06253634,0.556550283,102.231991,3.777401242,56.43537572,2.085248035,116.5902518,4.307929031,1206.1236,44.56543143,0,0,42.37232689,1.565628123,39.12988746,1.445822233
Grand Boulevard,28006,21929,-6077,22283,6298,4491,4982,3598,2146,768,35.98027809,702,474,20526,102,479,21994,17322,10624,8142,2482,6698,186,7737,4346,549,2595,184,63,14534,12225,3888,4400,1953,1389,853,641,554,30917.72152,9790,2543,7347,2265,12155,986,626,851,3394,6281,5.052696078,2960,2463,2635,4097,n/a,3398,3398,3737,1226,396,687,1289,456,111,220761.8026,7696.0,Health Care,Education,Administration,Retail Trade,Accommodation and Food Service,1473.0,1003.0,737.0,709.0,602.0,4128.0,Education,Health Care,Management,Retail Trade,Accommodation and Food Service,1594.0,1001.0,393.0,225.0,203.0,Outside of Chicago,The Loop,Near North Side,Near West Side,Hyde Park,1994.0,1825.0,681.0,588.0,231.0,Outside of Chicago,South Shore,Grand Boulevard,Roseland,Chatham,1465.0,136.0,134.0,130.0,127.0,,,,,,,,,,,,,,,,8870,,,,,,,,,,1.134130161,1113.239144,58.9639495,5.296611227,252.1315623,22.64846359,7.655942814,0.687717716,43.93141092,3.94626897,112.2790303,10.08579611,8.173371927,0.734197317,379.5324391,34.09262431,0,0,22.49331548,2.020528616,228.078122,20.48779215
Greater Grand Crossing,38619,32602,-6017,32849,10130,6057,6148,6417,2676,1421,35.5789801,419,602,31332,20,476,32331,24971,14341,10642,3699,10630,446,9620,5282,671,3225,395,47,20264,17211,3349,5853,2750,1798,778,550,303,26076.61823,12032,3966,8066,3719,15751,4401,266,4360,2707,3991,5.587468267,318,1395,4976,9062,n/a,3435,5630,4565,1551,570,2370,1445,119,32,124527.4102,9094.0,Health Care,Education,Administration,Retail Trade,Accommodation and Food Service,2002.0,981.0,918.0,891.0,835.0,3407.0,Education,Health Care,Accommodation and Food Service,Retail Trade,Wholesale Trade,797.0,752.0,322.0,319.0,297.0,Outside of Chicago,The Loop,Near North Side,Near West Side,Hyde Park,2894.0,1760.0,702.0,646.0,229.0,Outside of Chicago,South Shore,Greater Grand Crossing,Chatham,Auburn Gresham,1195.0,150.0,148.0,133.0,119.0,,,,,,,,,,,,,,,,9602,,,,,,,,,,0.980198541,2269.365548,376.8101484,16.60420679,330.6837061,14.57163683,21.85781801,0.963168672,88.05895109,3.880333477,253.3688968,11.16474589,43.00068524,1.894832909,991.7031925,43.69957908,0,0,33.559291,1.478796178,130.3228593,5.742700174
Hegewisch,9781,9426,-355,9377,2372,1740,1669,2013,1124,458,39.33751926,3983,4914,408,16,56,9360,7364,4321,3915,406,3043,23,3871,2740,386,619,126,0,6541,5361,1231,947,833,613,479,393,293,50000,3558,2693,865,354,3912,2501,23,720,250,162,5.844628099,228,551,1736,1397,n/a,253,1058,1820,617,164,1452,1161,58,22,141796.875,3617.0,Manufacturing,Public Administration,Education,Health Care,Retail Trade,433.0,395.0,391.0,382.0,308.0,2354.0,Manufacturing,Wholesale Trade,Retail Trade,Accommodation and Food Service,Finance,1118.0,464.0,261.0,122.0,91.0,Outside of Chicago,The Loop,Near North Side,Near West Side,Hegewisch,1646.0,828.0,136.0,124.0,104.0,Outside of Chicago,East Side,Hegewisch,South Deering,Auburn Gresham,1517.0,190.0,104.0,55.0,36.0,,,,,,,,,,,,,,,,15981,,,,,,,,,,47.16968852,3350.925697,374.8906649,11.18767465,33.89231755,1.011431485,6.957145629,0.207618618,47.39048728,1.414250615,17.41752732,0.519782558,307.467339,9.175594053,1550.756118,46.27843939,0,0,475.4473145,14.18853647,536.7067832,16.01667216
Hermosa,26908,25010,-1898,24836,7697,6255,4676,4263,1522,423,31.01143301,1814,22174,377,204,267,24822,18445,12987,11382,1605,5458,302,10911,6671,1453,2029,544,214,14891,8704,1457,2054,2226,1275,676,523,169,37494.63519,6923,2739,4184,953,7876,2143,34,2346,2404,908,5.623171671,70,517,2165,5124,n/a,1285,3217,2368,668,338,568,1722,400,49,205186.5672,7919.0,Manufacturing,Retail Trade,Health Care,Administration,Accommodation and Food Service,1125.0,963.0,962.0,908.0,796.0,3564.0,Manufacturing,Retail Trade,Health Care,Construction,Wholesale Trade,2582.0,224.0,155.0,108.0,107.0,Outside of Chicago,The Loop,Near North Side,Near West Side,West Town,3251.0,870.0,430.0,345.0,312.0,Outside of Chicago,Belmont Cragin,Hermosa,Logan Square,Austin,1645.0,248.0,192.0,118.0,105.0,,,,,,,,,,,,,,,,12490,,,,,,,,,,0.639123172,748.4432924,167.3631058,22.36149452,146.0269609,19.51075818,14.26011286,1.905303048,26.64481567,3.560031327,18.92923861,2.529148007,110.8723899,14.81373285,246.993516,33.00096594,0,0,14.86225776,1.985756023,2.490894852,0.332810098
Humboldt Park,65836,56323,-9513,54515,18786,13424,10117,8252,3111,825,29.32538798,2863,28095,22604,270,683,54194,39600,22761,18769,3992,16839,512,17823,9674,1980,4296,1024,849,31296,21707,3989,6538,4528,2636,1518,797,417,32484.30493,16434,5809,10625,3278,19712,3925,211,6801,5322,3443,5.564021641,911,1512,3452,13837,n/a,3787,7304,6221,1600,800,2289,2476,863,181,173456.5549,17232.0,Health Care,Administration,Retail Trade,Manufacturing,Accommodation and Food Service,2535.0,2134.0,1999.0,1763.0,1726.0,9169.0,Manufacturing,Retail Trade,Health Care,Administration,Wholesale Trade,1715.0,1178.0,992.0,849.0,791.0,Outside of Chicago,The Loop,Near North Side,Near West Side,West Town,6866.0,2211.0,1127.0,975.0,798.0,Outside of Chicago,Humboldt Park,Austin,West Town,Logan Square,3634.0,405.0,340.0,322.0,317.0,,,,,,,,,,,,,,,,9961,,,,,,,,,,0.325004941,2306.732746,284.2900231,12.32435893,430.5469468,18.66479537,39.28661765,1.703128276,142.6205634,6.182795282,99.87196692,4.329585518,328.4734673,14.23977129,831.8028964,36.0597862,0,0,11.01037994,0.477314936,138.8298847,6.018464208
Hyde Park,29920,25681,-4239,26705,5586,9444,4616,3795,2209,1055,31.41114177,12298,1681,8519,3242,965,23883,23399,14434,13225,1201,8965,807,12018,3529,622,3608,4071,188,17270,16568,12349,3689,2635,2436,969,1364,1352,48724.87437,12445,4381,8064,2011,14456,659,950,94,1316,11412,4.504485852,213,1999,3663,8581,n/a,6699,3465,2697,1209,386,1127,1526,1017,711,256936.6853,10976.0,Education,Health Care,Professional,Accommodation and Food Service,Retail Trade,2827.0,2115.0,774.0,766.0,750.0,25816.0,Education,Health Care,Accommodation and Food Service,Retail Trade,Real Estate,12726.0,9314.0,1130.0,772.0,460.0,Hyde Park,Outside of Chicago,The Loop,Near North Side,Near West Side,3046.0,2860.0,1801.0,686.0,604.0,Outside of Chicago,Hyde Park,Kenwood,Near North Side,Lake View,9943.0,3046.0,834.0,691.0,636.0,,,,,,,,,,,,,,,,8018,,,,,,,,,,9.218327828,1032.12418,98.02233249,9.497145246,178.7925081,17.322771,6.447770428,0.624708785,35.4138644,3.431163138,173.1291726,16.7740642,0,0,254.9267671,24.69923407,0,0,278.7624296,27.0086134,6.629335198,0.642300154
Irving Park,58643,53359,-5284,56490,13877,14994,13271,9413,3678,1257,34.37771156,22492,26558,1646,4287,1507,56020,44881,32025,29088,2922,12856,1521,27206,15604,2678,7138,1440,346,38937,30667,13350,4401,6031,3224,2470,2438,1749,48858.74068,20313,9146,11167,2130,22443,5482,488,4976,4214,7255,5.494778761,1448,1512,4141,15342,n/a,5042,9326,5397,1736,942,1186,3991,2814,1155,278052.3256,22402.0,Health Care,Retail Trade,Accommodation and Food Service,Education,Professional,2820.0,2180.0,2156.0,2061.0,2057.0,9943.0,Wholesale Trade,Health Care,Retail Trade,Manufacturing,Accommodation and Food Service,1592.0,1581.0,1083.0,927.0,768.0,Outside of Chicago,The Loop,Near North Side,Near West Side,Irving Park,8520.0,3964.0,1830.0,1172.0,641.0,Outside of Chicago,Irving Park,Belmont Cragin,Portage Park,Albany Park,4115.0,641.0,416.0,357.0,285.0,,,,,,,,,,,,,,,,12029,,,,,,,,,,1.717191878,2057.202497,512.8052186,24.92730878,402.9779782,19.58863937,46.29683003,2.250475104,104.7321831,5.091000194,71.89344758,3.494719051,69.98453762,3.401927507,743.2954267,36.13136907,0,0,94.56849689,4.596946437,10.64837817,0.517614488
Jefferson Park,25859,25448,-411,26975,6208,5273,5740,5732,2876,1146,40.22435897,18362,5374,340,2341,558,26946,21792,14616,13108,1508,7176,382,12459,8698,1357,2035,304,65,19338,16749,6164,2125,2151,1574,1414,1657,1194,62420.63492,10115,6419,3696,878,10993,5134,95,2473,1718,1563,5.668900344,398,1265,4723,4607,n/a,1627,4188,3509,1173,496,722,3200,2189,308,274571.7345,12261.0,Health Care,Retail Trade,Education,Manufacturing,Public Administration,1526.0,1250.0,1134.0,1043.0,966.0,4735.0,Manufacturing,Administration,Accommodation and Food Service,Wholesale Trade,Retail Trade,937.0,641.0,533.0,372.0,363.0,Outside of Chicago,The Loop,Near North Side,Near West Side,O'Hare,5854.0,2132.0,607.0,443.0,324.0,Outside of Chicago,Jefferson Park,Portage Park,Belmont Cragin,Norwood Park,2394.0,292.0,194.0,138.0,119.0,,,,,,,,,,,,,,,,13854,,,,,,,,,,5.201462914,1489.174041,500.916546,33.63720641,175.388197,11.77754864,10.18391644,0.683863414,50.58310834,3.396722408,28.12247173,1.88846105,53.30808337,3.579708073,525.5160686,35.28909678,0,0,133.448309,8.961229871,11.70734058,0.786163353
Kenwood,18363,17841,-522,18217,3767,4957,3181,3521,2085,706,36.61443873,3236,701,12362,1492,426,17900,15140,9283,7979,1304,5857,563,7192,3333,405,2850,481,123,12757,11525,6878,3214,2084,1198,721,922,991,39631.57895,9130,2748,6382,1381,10511,741,692,195,648,8219,4.514084507,823,3814,2905,2969,n/a,3979,3496,1962,704,370,723,929,472,624,247392.638,6751.0,Health Care,Education,Administration,Retail Trade,Accommodation and Food Service,1272.0,1239.0,554.0,516.0,486.0,1149.0,Retail Trade,Real Estate,Health Care,Education,Other Service,217.0,205.0,202.0,164.0,139.0,Outside of Chicago,The Loop,Hyde Park,Near North Side,Near West Side,1756.0,1597.0,834.0,612.0,484.0,Outside of Chicago,Kenwood,South Shore,Hyde Park,Chatham,310.0,71.0,65.0,43.0,41.0,,,,,,,,,,,,,,,,8749,,,,,,,,,,5.849047991,664.4173746,134.2074976,20.19927575,127.6456559,19.21166736,0.459896648,0.069218035,25.92640076,3.902125645,54.66220066,8.227087784,0.607838776,0.091484479,190.6891238,28.70020127,0,0,110.2455752,16.59281943,19.97318521,3.006120245
Lake View,94817,94368,-449,97968,11162,50485,19188,10292,5030,1811,30.60180798,78123,7133,3430,6639,2643,97531,87944,73702,70518,3123,14242,4835,64767,21480,3474,34248,4770,795,73818,72044,58106,8473,8994,8399,6421,8853,11085,75959.74147,52225,19467,32758,4976,57201,3647,1557,3577,8641,39635,4.468638549,5363,11716,15442,24680,n/a,26102,18421,8993,2686,999,1505,5499,6597,5866,368408.5213,53440.0,Professional,Finance,Health Care,Education,Accommodation and Food Service,10486.0,6045.0,5498.0,4993.0,4635.0,20517.0,Accommodation and Food Service,Retail Trade,Health Care,Other Service,Professional,5361.0,3154.0,2865.0,1567.0,1347.0,The Loop,Outside of Chicago,Near North Side,Near West Side,Lake View,16170.0,13822.0,7309.0,3929.0,2222.0,Outside of Chicago,Lake View,Uptown,Logan Square,Edgewater,7364.0,2222.0,753.0,650.0,636.0,,,,,,,,,,,,,,,,7225,,,,,,,,,,1.926511268,1989.756326,209.8899158,10.54852361,643.6362166,32.34748939,88.55389854,4.450489608,126.1475646,6.339849907,97.72843863,4.911578234,17.25573846,0.867228727,627.8382369,31.55352384,0,0,170.249128,8.556280271,8.457188854,0.42503641
Lincoln Park,64320,64116,-204,65951,11685,28792,12178,7660,4210,1426,30.019194,53345,4771,2691,3633,1511,62280,57084,44369,42252,2117,12715,2531,39195,14461,1941,17613,3924,1256,45946,44506,37828,5587,4051,4411,3653,5238,9331,89279.35943,32271,14092,18179,3366,35637,3302,3341,1642,5285,21981,4.499219194,2882,12193,5938,14624,n/a,15349,10644,6186,2258,1200,528,2773,4024,6767,484602.649,31426.0,Professional,Finance,Health Care,Education,Accommodation and Food Service,6472.0,3809.0,3301.0,2810.0,2234.0,28353.0,Health Care,Retail Trade,Accommodation and Food Service,Transportation,Other Service,7853.0,5337.0,4082.0,2048.0,1766.0,The Loop,Outside of Chicago,Near North Side,Near West Side,Lincoln Park,9890.0,8782.0,4060.0,2382.0,1557.0,Outside of Chicago,Lake View,Lincoln Park,Logan Square,West Town,11293.0,1612.0,1557.0,935.0,933.0,,,,,,,,,,,,,,,,7760,,,,,,,,,,5.872814977,2023.634107,298.6402217,14.7576195,375.7000915,18.56561372,62.03328394,3.065439731,248.9878864,12.30399732,108.5799559,5.365592303,48.76278213,2.409663978,585.9583239,28.95574461,0,0,264.537823,13.07241373,30.43373895,1.503915102
Lincoln Square,44574,39493,-5081,39547,7009,12669,9481,6728,2743,917,35.11716324,25865,6236,1525,4738,1183,38962,33550,25806,23757,2037,7744,1226,22214,10827,1497,8199,1481,210,30877,27617,17780,3609,3721,3229,2249,2342,2573,62536.71072,17723,6797,10926,1726,19449,2697,494,2719,3471,10048,5.072411206,1349,1645,6206,10249,n/a,6856,7015,4036,1006,536,693,1990,2317,1797,359476.3092,20199.0,Health Care,Professional,Education,Accommodation and Food Service,Finance,2707.0,2609.0,2212.0,1973.0,1649.0,8956.0,Health Care,Accommodation and Food Service,Retail Trade,Administration,Education,4372.0,993.0,564.0,475.0,438.0,Outside of Chicago,The Loop,Near North Side,Near West Side,Lincoln Square,6533.0,4493.0,2124.0,1176.0,688.0,Outside of Chicago,Lincoln Square,Lake View,West Ridge,Albany Park,3251.0,688.0,474.0,298.0,263.0,,,,,,,,,,,,,,,,9777,,,,,,,,,,1.809048207,1638.030616,221.0638557,13.49570963,350.1925895,21.37887937,34.85355811,2.12777208,61.18140704,3.735058822,387.7455879,23.67144936,41.54282718,2.536144732,458.0243439,27.96189151,0,0,80.01606469,4.884894329,3.410382376,0.208200161
Logan Square,82715,72791,-9924,73163,16161,26781,17035,8322,4058,806,31.72363942,31332,34648,3917,1789,1477,72700,59880,44252,41082,3164,15628,2346,38193,19134,2598,12956,3086,419,50606,43498,22875,6707,6353,5227,3033,3741,3737,55769.06506,28798,10712,18086,3163,31961,4701,994,6976,8754,10496,5.428899083,2828,2610,3643,22880,n/a,7018,13649,8465,1807,1022,730,3700,3969,2313,336471.0516,34642.0,Professional,Health Care,Accommodation and Food Service,Education,Retail Trade,4126.0,3759.0,3553.0,3252.0,3063.0,14370.0,Retail Trade,Accommodation and Food Service,Health Care,Manufacturing,Administration,3085.0,2005.0,1528.0,1425.0,1404.0,Outside of Chicago,The Loop,Near North Side,Near West Side,West Town,11238.0,7010.0,3207.0,2377.0,1601.0,Outside of Chicago,Logan Square,West Town,Belmont Cragin,Avondale,5568.0,1342.0,577.0,495.0,409.0,,,,,,,,,,,,,,,,9881,,,,,,,,,,0.554996884,2297.014851,275.3052858,11.98535071,622.865224,27.11629068,76.3084064,3.322068482,189.5467076,8.251871227,72.05607669,3.13694431,129.785009,5.650159768,860.2277771,37.44981346,0,0,41.43578622,1.803897184,29.48457867,1.283604181
Lower West Side,44031,35769,-8262,34979,9747,10755,7197,4428,2031,821,30.43906014,4303,28661,1294,383,338,34858,26947,18968,16252,2716,7979,325,15436,6835,1954,4797,1706,144,22044,14311,4720,4020,3707,2146,944,745,339,35115.8147,11901,3071,8830,2001,13902,1545,172,3466,4650,4069,4.767985962,755,838,1526,10783,n/a,2895,6782,3370,520,335,759,1695,480,137,216202.8725,11481.0,Accommodation and Food Service,Manufacturing,Administration,Health Care,Education,1320.0,1264.0,1236.0,1217.0,1161.0,14280.0,Health Care,Wholesale Trade,Manufacturing,Administration,Education,2887.0,2403.0,1930.0,1415.0,1032.0,Outside of Chicago,The Loop,Near West Side,Near North Side,Lower West Side,3743.0,2023.0,978.0,912.0,703.0,Outside of Chicago,Lower West Side,South Lawndale,Brighton Park,Bridgeport,6149.0,703.0,513.0,305.0,271.0,,,,,,,,,,,,,,,,10046,,,,,,,,,,0.834707402,1872.1545,63.72316389,3.403734248,224.8666243,12.0111147,52.88803204,2.824982235,71.15373573,3.800633747,98.2351856,5.247173008,468.46552,25.02280234,789.9847756,42.19655886,0,0,35.93565388,1.919481212,66.90180903,3.573519655
McKinley Park,15962,15612,-350,16449,4801,3890,3228,3027,992,511,33.28112606,3104,9487,446,3185,227,16409,12479,8336,7171,1165,4143,159,6895,3349,1242,1969,316,19,10486,7224,1896,1493,1491,1041,543,388,179,42484.7561,5135,2963,2172,499,5634,1886,245,1756,1083,647,5.648136836,381,371,1055,3827,n/a,383,2224,2387,406,234,749,1662,479,73,203510.9983,5569.0,Accommodation and Food Service,Manufacturing,Health Care,Retail Trade,Administration,748.0,624.0,610.0,538.0,508.0,5018.0,Administration,Retail Trade,Wholesale Trade,Manufacturing,Transportation,1710.0,741.0,722.0,493.0,317.0,Outside of Chicago,The Loop,Near North Side,Near West Side,Armour Square,1694.0,1086.0,394.0,391.0,225.0,Outside of Chicago,McKinley Park,Bridgeport,Brighton Park,New City,2535.0,133.0,129.0,125.0,109.0,,,,,,,,,,,,,,,,12739,,,,,,,,,,4.601544395,905.2331805,119.6360979,13.21605311,107.5280736,11.87849451,12.39077726,1.368793978,60.70343429,6.705833988,24.77638172,2.737016523,175.5001969,19.38729166,301.507438,33.30715715,0,0,73.64789795,8.135793024,29.54288285,3.263566061
Montclare,12646,13426,780,12887,3513,2917,2685,2340,1011,422,35.08468415,4072,7503,466,741,105,12789,9977,6381,5595,786,3597,103,5233,3660,616,683,98,176,8403,6397,1377,1082,1479,655,548,491,173,41592.52669,4429,2499,1929,528,4956,2266,123,917,634,1016,5.466458658,566,585,2102,1702,n/a,921,2096,1347,362,230,525,1616,330,28,204377.2563,5114.0,Manufacturing,Health Care,Retail Trade,Administration,Accommodation and Food Service,615.0,593.0,586.0,516.0,461.0,2298.0,Retail Trade,Health Care,Manufacturing,Accommodation and Food Service,Other Service,689.0,549.0,412.0,195.0,89.0,Outside of Chicago,The Loop,Near North Side,Near West Side,West Town,2595.0,692.0,270.0,176.0,127.0,Outside of Chicago,Belmont Cragin,Montclare,Austin,Portage Park,1264.0,116.0,109.0,84.0,74.0,,,,,,,,,,,,,,,,13325,,,,,,,,,,0.815786352,633.0694217,249.9898621,39.48853847,63.4212269,10.01805248,5.958817487,0.941258144,54.54164065,8.615428069,28.52741971,4.506207176,18.84138736,2.976196088,193.1698486,30.51321735,0,0,10.45545381,1.651549333,8.163765038,1.289552892
Morgan Park,25226,22544,-2682,23220,5920,4020,4228,5107,2510,1435,41.35952842,6938,625,15132,52,473,22863,18504,10810,9187,1615,7695,319,8716,6338,428,1657,230,62,15767,14241,4764,1839,1543,1284,1313,1190,786,61446.85039,7955,5880,2075,1050,9005,6366,534,326,512,1200,6.497388509,494,1229,4847,2435,n/a,759,2249,3769,1695,534,1930,3318,556,76,176379.4567,9155.0,Education,Health Care,Public Administration,Retail Trade,Administration,1398.0,1385.0,1229.0,765.0,692.0,3176.0,Health Care,Retail Trade,Accommodation and Food Service,Education,Professional,893.0,797.0,416.0,220.0,205.0,Outside of Chicago,The Loop,Near West Side,Near North Side,Morgan Park,3605.0,2600.0,460.0,385.0,232.0,Outside of Chicago,Morgan Park,Beverly,West Pullman,Mount Greenwood,1671.0,232.0,120.0,82.0,72.0,,,,,,,,,,,,,,,,16440,,,,,,,,,,2.787221418,2109.222,909.4989098,43.120113,68.92632741,3.267855513,6.911618884,0.3276857,106.5771093,5.052910946,183.0124449,8.676774892,63.12583423,2.992849223,658.8749913,31.23782093,0,0,55.36506711,2.624904686,56.92969697,2.699085112
Mount Greenwood,18820,19093,273,18357,5410,3336,4129,3458,1366,658,36.60549242,15870,1040,826,410,211,17696,14130,9572,8734,822,4558,198,8417,7124,446,591,219,37,11748,11196,3946,696,864,1030,1049,1785,992,89728.31268,6416,5611,805,573,6989,6094,63,35,169,611,6.234393064,246,968,5100,675,n/a,427,1830,3447,992,293,736,3721,1068,86,230700.1466,9757.0,Public Administration,Education,Health Care,Retail Trade,Accommodation and Food Service,2123.0,1561.0,1098.0,670.0,607.0,2915.0,Education,Retail Trade,Health Care,Accommodation and Food Service,Administration,1036.0,514.0,439.0,257.0,200.0,Outside of Chicago,The Loop,Near North Side,Near West Side,Mount Greenwood,4303.0,3203.0,334.0,313.0,228.0,Outside of Chicago,Mount Greenwood,Beverly,Morgan Park,Ashburn,1894.0,228.0,94.0,66.0,44.0,,,,,,,,,,,,,,,,15149,,,,,,,,,,2.847803775,1735.183435,748.8761447,43.15832722,19.35898839,1.115673882,8.183037484,0.471594952,37.03622638,2.134427153,523.1997404,30.15241674,0.181816514,0.01047823,365.317166,21.05351853,0,0,30.37510665,1.75054153,2.655208215,0.153021759
Near North Side,72811,80484,7673,84305,7424,35757,14842,13597,9899,2786,34.48596369,60299,4828,7908,9031,2239,82501,78186,58372,54436,3936,19814,3996,49775,14065,1516,13711,17335,3148,70206,68551,54955,9823,6647,7804,6399,8061,14230,83626.34787,52964,21830,31134,9737,62701,1276,1876,567,1752,57196,3.756599589,15188,23898,14771,8844,n/a,35835,17925,7365,1219,357,948,5793,6617,8472,414878.0488,43261.0,Professional,Finance,Health Care,Education,Accommodation and Food Service,8989.0,5290.0,4644.0,3645.0,2947.0,150936.0,Accommodation and Food Service,Professional,Retail Trade,Health Care,Other Service,28550.0,20814.0,16824.0,14072.0,12178.0,The Loop,Outside of Chicago,Near North Side,Near West Side,Lincoln Park,13654.0,12496.0,7480.0,3213.0,748.0,Outside of Chicago,Near North Side,Lake View,West Town,Lincoln Park,65776.0,7480.0,7309.0,5002.0,4060.0,,,,,,,,,,,,,,,,5527,,,,,,,,,,0.848131933,1754.455245,84.75737739,4.830979739,293.5673541,16.73267842,20.87319919,1.189725372,293.181718,16.71069803,120.5066696,6.86860893,81.68138586,4.655655145,715.6667152,40.79139194,0.981436983,0.055939699,78.94193334,4.499512517,64.29745491,3.664810209
Near South Side,9509,21390,11881,22021,3262,7490,5574,3598,1700,397,35.46211237,10087,1424,5558,4246,706,21818,19043,15494,14744,746,3549,1066,13091,6169,890,4094,1459,479,17514,16377,11957,2135,2235,1982,1450,2034,2763,74315.21739,12599,5881,6718,2077,14676,310,1503,57,410,12379,3.783829428,9471,2396,1056,1753,n/a,6146,6536,1617,338,39,130,1883,2293,1575,354946.6825,10920.0,Professional,Health Care,Education,Finance,Administration,1771.0,1612.0,1262.0,1124.0,681.0,14620.0,Arts and Entertainment,Health Care,Accommodation and Food Service,Administration,Construction,3695.0,3129.0,2710.0,1516.0,731.0,The Loop,Outside of Chicago,Near North Side,Near West Side,Hyde Park,3322.0,3015.0,1152.0,994.0,519.0,Outside of Chicago,West Town,South Shore,Austin,Near South Side,5018.0,276.0,273.0,272.0,265.0,,,,,,,,,,,,,,,,9031,,,,,,,,,,34.83690488,1140.711237,57.73754471,5.061539052,98.16442397,8.605545454,8.57851467,0.7520321,327.2670656,28.68973804,49.05460307,4.300352403,17.05036026,1.494713098,324.1649542,28.41779267,0,0,179.2748469,15.71605864,79.41892324,6.962228537
Near West Side,46419,54881,8462,58899,11149,26281,11116,6729,2799,825,30.57811118,25091,6046,17802,8731,1229,54457,51303,37077,33063,3974,14226,1673,31033,12352,1826,7825,8383,647,39888,36519,26014,7127,3217,3814,3292,4547,4976,70925.36408,26973,10156,16817,3077,30050,1186,2492,1755,3108,21476,4.003022518,11376,7682,2920,8072,n/a,12604,11110,4899,1189,248,708,3698,4408,1342,321152.0302,26284.0,Professional,Health Care,Education,Finance,Administration,4223.0,3608.0,2854.0,2829.0,1858.0,129742.0,Health Care,Finance,Education,Professional,Administration,29566.0,18154.0,16118.0,15180.0,8504.0,Outside of Chicago,The Loop,Near West Side,Near North Side,West Town,7947.0,7307.0,3863.0,2303.0,527.0,Outside of Chicago,Lake View,Near West Side,West Town,Near North Side,64980.0,3929.0,3863.0,3649.0,3213.0,,,,,,,,,,,,,,,,9167,,,,,,,,,,1.478760344,3638.50093,146.2824381,4.020404032,346.8398734,9.53249374,43.68096011,1.20052079,394.0454939,10.82988575,554.7432568,15.24647836,314.5847638,8.645999268,1566.145443,43.0437005,0,0,56.59490421,1.555445644,215.583797,5.925071922
New City,51721,44377,-7344,41520,14632,9687,8312,6004,2204,681,28.84295597,5441,23511,11217,913,437,41216,30052,18540,13923,4617,11511,317,13208,7072,2131,3072,928,5,23253,14556,1723,4585,3612,1665,875,500,272,30769.00238,11508,4591,6913,4006,15509,3523,301,5937,4029,1685,5.413899304,791,1253,3502,9964,n/a,1875,5817,5711,1447,659,2498,1773,275,48,132072.9537,11961.0,Manufacturing,Health Care,Retail Trade,Administration,Accommodation and Food Service,1488.0,1426.0,1354.0,1309.0,1261.0,10396.0,Manufacturing,Retail Trade,Wholesale Trade,Transportation,Other Service,4223.0,1310.0,1077.0,1047.0,827.0,Outside of Chicago,The Loop,Near West Side,New City,Near North Side,4597.0,1618.0,684.0,661.0,640.0,Outside of Chicago,New City,Brighton Park,Chicago Lawn,Bridgeport,4378.0,661.0,397.0,252.0,245.0,,,,,,,,,,,,,,,,10976,,,,,,,,,,1.615763713,3090.85174,245.299122,7.93629532,336.4571336,10.88557983,31.90855669,1.032354813,166.2006327,5.377179065,83.04921118,2.686936099,689.927428,22.32159566,1160.916839,37.55977111,0,0,83.76433226,2.710072799,293.3284848,9.490215302
North Center,31895,31867,-28,34815,7144,11782,8801,4375,1971,742,33.45324713,27043,4817,594,1313,1048,34729,28254,22655,21591,1038,5599,1565,19782,10712,1323,6136,1462,149,25926,24359,17442,1528,2103,2341,2021,2751,3926,91860.46512,14670,7417,7253,1653,16323,3833,546,4137,3648,4141,5.693984196,2625,1490,1762,10446,n/a,3217,6573,4046,1636,851,350,1287,2214,3566,485532.9949,16804.0,Professional,Health Care,Education,Finance,Accommodation and Food Service,2661.0,1896.0,1818.0,1751.0,1286.0,9585.0,Finance,Retail Trade,Accommodation and Food Service,Manufacturing,Information,1940.0,1052.0,1008.0,997.0,858.0,Outside of Chicago,The Loop,Near North Side,Near West Side,North Center,5009.0,4461.0,1797.0,1171.0,555.0,Outside of Chicago,North Center,Lake View,Lincoln Square,Logan Square,3929.0,555.0,419.0,306.0,297.0,,,,,,,,,,,,,,,,11230,,,,,,,,,,1.307108584,1309.788707,227.2726415,17.35185533,314.4925883,24.01094059,46.47470642,3.548259821,73.63276984,5.621728868,76.16209074,5.814837946,87.53733154,6.683317018,437.1241641,33.37363972,0,0,38.39883878,2.931681925,8.693575641,0.663738784
North Lawndale,41768,35912,-5856,35623,12861,8432,5613,5741,1982,994,27.78110608,713,2358,32077,84,391,34771,25295,12406,9257,3149,12889,475,8429,4304,652,2772,283,418,19315,14120,1889,5665,2524,1380,587,482,117,23324.59207,10755,2534,8221,3922,14677,1585,376,4149,4846,3677,5.594253426,1507,1245,1830,10095,n/a,1928,4981,6034,1347,387,1364,926,199,45,139222.2222,10610.0,Health Care,Administration,Retail Trade,Education,Accommodation and Food Service,2120.0,1332.0,1223.0,983.0,913.0,5771.0,Manufacturing,Health Care,Retail Trade,Education,Wholesale Trade,1281.0,1048.0,764.0,684.0,566.0,Outside of Chicago,The Loop,Near West Side,Near North Side,North Lawndale,4062.0,1490.0,797.0,706.0,270.0,Outside of Chicago,North Lawndale,South Lawndale,Austin,West Town,2573.0,270.0,234.0,221.0,101.0,,,,,,,,,,,,,,,,7938,,,,,,,,,,4.13367433,2054.356754,114.3742516,5.567399691,354.9611164,17.27845544,21.36860205,1.040160235,75.59585889,3.67978243,122.6788059,5.971640789,233.3701168,11.35976584,669.4243828,32.58559553,0,0,168.3816091,8.196317837,294.2020108,14.3208822
North Park,18514,17931,-583,18058,4301,3887,3293,2995,2366,1216,38.12663126,8998,3864,531,4359,306,17415,14629,9318,8389,929,5311,282,7979,5208,883,1158,647,83,12661,11141,5818,1788,1328,977,895,743,745,52590.23355,6476,3396,3080,590,7066,2337,100,1070,1275,2265,5.53968254,293,1467,2605,2701,n/a,1758,2416,2027,624,241,403,1236,1454,303,306243.3862,6666.0,Health Care,Education,Retail Trade,Accommodation and Food Service,Professional,1137.0,700.0,678.0,601.0,528.0,5184.0,Health Care,Retail Trade,Education,Accommodation and Food Service,Manufacturing,909.0,741.0,618.0,601.0,568.0,Outside of Chicago,The Loop,Near North Side,Near West Side,North Park,2916.0,1039.0,366.0,255.0,197.0,Outside of Chicago,West Ridge,North Park,Albany Park,Belmont Cragin,2463.0,265.0,197.0,140.0,134.0,,,,,,,,,,,,,,,,13238,,,,,,,,,,16.64846258,1613.613122,250.884366,15.54798747,248.0244195,15.3707488,5.214501716,0.323156874,80.46635036,4.98671889,392.9565932,24.35259034,70.33247103,4.358694787,323.2232072,20.03102248,0,0,237.5642715,14.72250493,4.946941387,0.306575431
Norwood Park,37543,37023,-520,36651,7841,5432,8227,8031,3975,3145,44.69699557,29745,4529,343,1359,675,36074,29870,19447,17723,1724,10424,505,16785,13172,1606,1654,266,87,27154,24943,9124,2527,2677,2339,2301,2612,1940,71071.15821,14397,11634,2761,1287,15683,11065,255,1113,549,2658,6.028921998,299,2554,9742,3088,n/a,1912,4815,6552,1813,591,1232,5062,4447,894,288740.5482,18172.0,Public Administration,Health Care,Education,Retail Trade,Professional,2280.0,2195.0,2011.0,1588.0,1412.0,13648.0,Health Care,Administration,Accommodation and Food Service,Retail Trade,Finance,7976.0,1410.0,840.0,637.0,539.0,Outside of Chicago,The Loop,Near North Side,Norwood Park,Near West Side,8548.0,4062.0,848.0,717.0,606.0,Outside of Chicago,Norwood Park,Portage Park,Dunning,Belmont Cragin,7249.0,717.0,420.0,333.0,318.0,,,,,,,,,,,,,,,,13877,,,,,,,,,,3.012774864,2799.807021,1322.440251,47.23326434,133.6874603,4.774881244,13.20083296,0.471490816,100.5487102,3.591272879,202.4609264,7.231245757,15.80775243,0.5646015,896.1232126,32.00660638,0,0,109.162007,3.898911825,6.375867811,0.22772526
O'Hare,11665,12756,1091,14329,3237,3692,3187,2508,1432,272,35.84538462,10543,1678,152,1372,584,14316,11520,7484,6818,666,4035,197,6456,5189,275,794,22,176,10316,9109,3362,1922,1451,1224,929,475,221,43702.2293,6221,2790,3436,455,6681,834,20,392,452,4981,4.509995835,283,3389,2802,207,n/a,1701,3369,1537,16,57,1269,922,550,46,169212.963,5231.0,Health Care,Retail Trade,Accommodation and Food Service,Manufacturing,Professional,632.0,486.0,452.0,446.0,418.0,48138.0,Transportation,Accommodation and Food Service,Information,Professional,Administration,27468.0,3589.0,2840.0,2745.0,2593.0,Outside of Chicago,The Loop,O'Hare,Near North Side,Near West Side,2774.0,766.0,426.0,184.0,134.0,Outside of Chicago,Lake View,Austin,Portage Park,West Town,32852.0,741.0,686.0,677.0,640.0,,,,,,,,,,,,,,,,15336,,,,,,,,,,124.7169742,8536.205097,97.33730016,1.14028774,134.0280923,1.570113309,0,0,139.8222445,1.637990687,55.98485032,0.655851748,33.10546972,0.387824207,6620.046087,77.55256595,0,0,1454.737199,17.04196634,1.143853763,0.013400027
Oakland,6110,5918,-192,6473,2164,1273,1493,942,504,97,31.73080645,147,122,6052,140,12,6473,4802,3139,2274,865,1663,138,2081,984,173,863,47,14,3793,3076,1084,1409,663,298,73,141,226,24841.26984,2810,594,2216,341,3151,316,93,107,290,2345,4.378834356,1558,736,536,321,n/a,1055,1129,753,158,56,114,279,131,70,218604.6512,2206.0,Health Care,Education,Administration,Accommodation and Food Service,Retail Trade,410.0,291.0,229.0,203.0,193.0,249.0,Health Care,Real Estate,Accommodation and Food Service,Education,Retail Trade,115.0,56.0,50.0,16.0,4.0,The Loop,Outside of Chicago,Near North Side,Near West Side,Hyde Park,597.0,511.0,198.0,191.0,83.0,Outside of Chicago,South Shore,Oakland,South Chicago,Austin,89.0,11.0,11.0,9.0,8.0,,,,,,,,,,,,,,,,8028,,,,,,,,,,20.20603072,365.5176032,24.67093324,6.749588262,55.02136443,15.0529999,0.38070128,0.104154021,2.306626467,0.63105756,12.95268502,3.543655602,0,0,133.901826,36.63348217,0,0,93.29741944,25.52474043,42.98604729,11.76032205
Portage Park,65340,64124,-1216,64421,15432,14650,14454,12853,5150,1882,37.23864807,32750,26979,827,2866,999,64320,52228,37412,32973,4439,14816,865,31429,20587,3772,5706,961,403,44432,36384,10341,4903,5323,4582,3105,3007,1565,55212.82051,22485,12552,9934,2356,24841,10206,178,5622,4535,4206,5.70556872,581,2342,7236,14683,n/a,4256,9081,7458,2804,1243,1551,6983,3539,478,252829.9916,26218.0,Health Care,Retail Trade,Manufacturing,Accommodation and Food Service,Administration,3340.0,2865.0,2585.0,2424.0,2219.0,7775.0,Retail Trade,Health Care,Accommodation and Food Service,Finance,Other Service,1957.0,1922.0,694.0,563.0,514.0,Outside of Chicago,The Loop,Near North Side,Near West Side,Portage Park,11895.0,3932.0,1570.0,1055.0,830.0,Outside of Chicago,Portage Park,Belmont Cragin,Dunning,Logan Square,3713.0,830.0,343.0,295.0,189.0,,,,,,,,,,,,,,,,13081,,,,,,,,,,1.089605753,2529.764416,938.0515981,37.08059107,398.7095665,15.76073898,41.85989895,1.654695539,146.4550861,5.789277657,89.76159501,3.548219528,24.75670014,0.978616822,811.8642879,32.09248588,0,0,70.06112711,2.769472393,8.244556142,0.325902131
Pullman,8921,7325,-1596,6970,1586,1366,1467,1449,820,282,40.1027972,605,570,5735,42,18,6970,5677,3564,2647,917,2113,21,2546,1424,237,789,96,0,5028,4256,1028,1059,711,536,350,252,19,38286.51685,2927,1446,1481,515,3442,1054,1436,259,386,294,5.560817084,7,338,1553,1544,n/a,371,1526,1251,225,69,1037,369,40,0,124116.1616,2709.0,Health Care,Education,Administration,Retail Trade,Accommodation and Food Service,518.0,383.0,261.0,254.0,233.0,2539.0,Manufacturing,Transportation,Wholesale Trade,Education,Retail Trade,745.0,525.0,485.0,364.0,192.0,Outside of Chicago,The Loop,Near West Side,Near North Side,Hyde Park,1078.0,567.0,150.0,138.0,60.0,Outside of Chicago,Roseland,East Side,West Pullman,Washington Heights,1320.0,80.0,79.0,49.0,48.0,,,,,,,,,,,,,,,,12042,,,,,,,,,,3.325613687,1354.494757,139.7074099,10.3143559,78.54793418,5.799057825,2.658253775,0.196254268,45.90089536,3.388783539,161.6066968,11.93114229,400.8160184,29.59155186,439.9181927,32.47839761,0,0,2.452325167,0.181050916,82.88703056,6.119405789
Riverdale,9809,6482,-3327,7190,3364,1602,1240,642,261,81,21.51702128,74,180,6910,0,26,7142,4277,2512,1496,1016,1765,86,1375,628,94,499,147,7,3129,2299,128,1545,493,171,92,15,0,14390.49587,2316,251,2065,964,3280,569,1578,80,98,955,5.074222668,57,371,2327,525,n/a,439,1297,1101,358,85,241,10,0,0,68548.3871,1533.0,Health Care,Retail Trade,Administration,Accommodation and Food Service,Transportation,337.0,169.0,163.0,161.0,130.0,1153.0,Manufacturing,Utilities,Transportation,Professional,Health Care,290.0,255.0,166.0,138.0,95.0,Outside of Chicago,The Loop,Near West Side,Near North Side,Douglas,720.0,177.0,98.0,93.0,29.0,Outside of Chicago,West Pullman,Auburn Gresham,Roseland,Ashburn,834.0,18.0,16.0,15.0,13.0,,,,,,,,,,,,,,,,10209,,,,,,,,,,27.94073406,2258.721095,223.5550319,9.897416394,49.8569831,2.207310288,0.977390241,0.043271843,28.59030657,1.265774098,58.48802626,2.58943109,331.3889544,14.6715305,1138.798354,50.41783852,6.687370084,0.296068873,269.2048118,11.91846184,151.1738662,6.692896549
Rogers Park,63484,54991,-8493,55053,12231,16774,12568,8803,3396,1281,33.60330231,22094,13530,14325,3526,1578,51777,45652,31727,28748,2960,13925,1557,26766,10040,2255,11479,2565,427,37107,31018,15517,8502,5690,3836,2092,2209,1158,37932.09877,23487,6206,17281,4048,27535,1580,628,834,3138,21317,4.440842662,1307,3435,7256,15537,n/a,13966,9203,3147,809,410,1808,2950,1021,427,194045.677,21985.0,Health Care,Education,Accommodation and Food Service,Retail Trade,Professional,3543.0,2523.0,2371.0,2155.0,1997.0,10260.0,Education,Health Care,Manufacturing,Other Service,Accommodation and Food Service,3678.0,1757.0,1646.0,1041.0,733.0,Outside of Chicago,The Loop,Near North Side,Near West Side,Rogers Park,8718.0,3630.0,2260.0,1070.0,1057.0,Outside of Chicago,Rogers Park,West Ridge,Edgewater,Uptown,4525.0,1057.0,704.0,513.0,280.0,,,,,,,,,,,,,,,,8041,,,,,,,,,,1.139995613,1175.400564,146.1614364,12.43503201,370.845858,31.55059385,21.38082507,1.819024571,63.57863747,5.409103876,79.32176396,6.748487825,50.45838877,4.292867497,370.9506368,31.55950815,0,0,68.60583659,5.836804804,4.097180935,0.348577418
Roseland,52723,44619,-8104,44267,12634,7676,7770,8669,5776,1742,39.07625456,471,489,42822,150,335,43593,34839,18183,13623,4528,16656,393,12863,7742,1038,3569,443,71,28697,24062,5528,4994,4035,2798,1306,1151,365,38105.9719,14649,8138,6511,3158,17807,10485,1408,2487,1413,1977,6.270762091,763,1294,8736,7014,n/a,1536,5508,6517,2861,1385,5057,2843,125,113,127297.7941,12893.0,Health Care,Education,Retail Trade,Administration,Transportation,2568.0,1602.0,1269.0,1259.0,1027.0,3499.0,Health Care,Administration,Accommodation and Food Service,Transportation,Retail Trade,1021.0,808.0,415.0,395.0,335.0,Outside of Chicago,The Loop,Near West Side,Near North Side,Hyde Park,4744.0,2834.0,797.0,670.0,248.0,Outside of Chicago,Roseland,West Pullman,Auburn Gresham,Washington Heights,1731.0,226.0,134.0,109.0,87.0,,,,,,,,,,,,,,,,12604,,,,,,,,,,1.591302736,3083.430762,1147.281074,37.2079402,180.9862975,5.869640393,16.27617604,0.5278593,74.75517167,2.424415446,320.4347946,10.39215145,11.07583039,0.35920477,1125.446926,36.49982804,0,0,70.25545207,2.278483206,136.9190398,4.440477195
South Chicago,38596,31198,-7398,28550,8795,5803,5257,4976,2782,937,33.74894545,875,6494,20802,106,273,28392,21493,12160,9533,2627,9333,306,8878,5111,884,2483,286,114,17534,13082,2429,4591,2819,1262,726,444,334,29518.18182,10176,3884,6292,3896,14072,4021,391,3527,3231,2857,5.671573604,464,1527,4715,7366,n/a,2407,4638,4962,1501,564,2466,1253,119,46,119583.9311,8364.0,Health Care,Administration,Education,Retail Trade,Accommodation and Food Service,1691.0,877.0,822.0,781.0,721.0,2908.0,Health Care,Accommodation and Food Service,Retail Trade,Construction,Education,1114.0,631.0,356.0,149.0,145.0,Outside of Chicago,The Loop,Near West Side,Near North Side,South Chicago,3103.0,1542.0,591.0,509.0,200.0,Outside of Chicago,South Chicago,East Side,South Shore,South Deering,1400.0,200.0,141.0,100.0,85.0,,,,,,,,,,,,,,,,10783,,,,,,,,,,2.134226109,2137.769923,369.172164,17.26903163,273.6328749,12.79992164,25.22667895,1.180046491,55.26447796,2.585146202,72.849644,3.407740152,33.49456403,1.566799293,624.2801848,29.20240285,0,0,59.2686316,2.772451374,624.5807023,29.21646037
South Deering,16990,15109,-1881,15570,4585,2899,2918,2924,1733,511,36.82537129,709,4931,9722,36,172,15499,11984,6771,5299,1472,5213,211,4799,2996,730,1002,59,12,9838,7743,1082,1962,1349,820,439,339,93,33625.49801,5002,2949,2053,776,5778,2717,1689,609,330,428,5.902056277,23,553,3637,1565,n/a,444,2026,2351,723,234,2326,604,6,13,107080.4196,4580.0,Health Care,Education,Administration,Retail Trade,Accommodation and Food Service,814.0,485.0,445.0,424.0,407.0,6536.0,Manufacturing,Transportation,Wholesale Trade,Retail Trade,Administration,4246.0,523.0,424.0,384.0,363.0,Outside of Chicago,The Loop,Near West Side,Near North Side,South Deering,1668.0,900.0,263.0,261.0,105.0,Outside of Chicago,East Side,South Deering,Roseland,Hegewisch,4782.0,138.0,105.0,104.0,92.0,,,,,,,,,,,,,,,,13606,,,,,,,,,,2.108000868,6974.248734,416.4194248,5.970814071,63.36765573,0.90859472,8.900838838,0.127624339,73.85040424,1.05890121,40.47898535,0.580406391,587.530039,8.4242771,4657.062472,66.77511298,0,0,34.14622629,0.489604366,1092.492688,15.66466482
South Lawndale,91071,79288,-11783,72881,23730,20414,15474,8665,3512,1086,28.63152033,2393,61499,8570,170,249,64697,54478,29161,24642,4519,25317,695,23479,11275,5638,4095,2111,360,41598,19049,2316,6899,6234,2568,957,659,130,31385.56338,17447,6168,11279,3874,21321,3730,437,7751,6481,2883,4.970626478,251,766,3098,17206,n/a,2521,10694,6341,1094,671,3041,2698,410,19,150814.3939,16728.0,Manufacturing,Administration,Retail Trade,Health Care,Accommodation and Food Service,2905.0,2339.0,1753.0,1716.0,1647.0,11188.0,Health Care,Manufacturing,Administration,Transportation,Accommodation and Food Service,2013.0,2010.0,1421.0,1395.0,1139.0,Outside of Chicago,The Loop,Near West Side,South Lawndale,Near North Side,7450.0,1818.0,865.0,734.0,695.0,Outside of Chicago,South Lawndale,Brighton Park,Austin,Chicago Lawn,5518.0,734.0,224.0,189.0,184.0,,,,,,,,,,,,,,,,11428,,,,,,,,,,0.295003859,2938.448341,240.5978512,8.187921763,436.3505252,14.8496919,43.11434754,1.467248784,108.7342902,3.700398224,315.1233685,10.72414186,522.6941983,17.78810235,1057.616989,35.99236285,0,0,25.59149342,0.870918609,188.6252774,6.419213664
South Shore,61556,52010,-9546,51450,14082,10530,9612,10683,4809,1734,36.66119403,928,1179,48198,155,990,50502,40283,24463,18963,5500,15820,745,17697,9144,1326,6445,570,212,33559,28697,7646,10737,5368,3344,1664,1125,491,27391.3872,22729,5247,17482,6602,29331,3723,737,2396,6255,16187,5.002323141,928,2970,11992,13441,n/a,11030,9966,5762,1790,783,2407,2093,486,261,161045.9184,15654.0,Health Care,Administration,Education,Accommodation and Food Service,Retail Trade,3202.0,1665.0,1646.0,1475.0,1447.0,3926.0,Health Care,Retail Trade,Other Service,Administration,Accommodation and Food Service,1734.0,719.0,321.0,281.0,219.0,Outside of Chicago,The Loop,Near North Side,Near West Side,Hyde Park,4991.0,3127.0,1398.0,1136.0,419.0,Outside of Chicago,South Shore,Greater Grand Crossing,Auburn Gresham,Chatham,1525.0,332.0,103.0,101.0,100.0,,,,,,,,,,,,,,,,8989,,,,,,,,,,2.640823572,1875.625306,373.8232693,19.93059424,466.7870991,24.88701222,19.37206658,1.032832438,97.74815633,5.211496988,67.17427886,3.58143381,17.33297825,0.924117317,601.1229214,32.04920084,0.071971228,0.003837186,149.9932645,7.99697381,82.1993006,4.382501149
The Loop,16388,29283,12895,30642,3711,13467,5578,5330,2091,465,32.68228126,19094,1823,3786,5131,808,27137,28736,20993,19875,1097,7743,1299,18389,4941,584,4621,7662,581,23250,22725,18208,2695,2064,2179,2282,3191,4283,90436.02103,16694,6969,9725,3850,20544,358,218,91,47,19696,3.669554283,8224,6484,1899,3937,n/a,10927,7694,1747,137,39,518,2297,2330,1824,342346.6161,15196.0,Professional,Finance,Health Care,Education,Administration,3015.0,2161.0,1639.0,1544.0,970.0,392758.0,Professional,Finance,Education,Public Administration,Administration,92538.0,68570.0,60621.0,47458.0,32560.0,The Loop,Outside of Chicago,Near North Side,Near West Side,Hyde Park,5791.0,4241.0,1442.0,1334.0,452.0,Outside of Chicago,Lake View,Near North Side,West Town,Lincoln Park,176694.0,16170.0,13654.0,10021.0,9890.0,,,,,,,,,,,,,,,,6406,,,,,,,,,,15.06769934,1059.071429,7.622030636,0.71968995,75.82804354,7.159861128,0.694776257,0.065602398,218.530908,20.63419918,33.52743411,3.165738703,0.608382495,0.057444897,427.103004,40.32806404,0,0,269.7115518,25.4667952,25.4452978,2.4026045
Uptown,63551,56362,-7189,54062,6770,17657,12955,10184,4421,2075,37.4984531,28972,6964,10785,5285,2056,51362,48481,35021,31483,3532,13460,2647,28451,10077,1449,13878,2438,609,44080,39338,24049,10320,5357,4075,3387,3284,2872,44288.14383,29295,8918,20377,3142,32437,1092,624,732,2227,27732,3.956508404,2173,5374,7508,17382,n/a,18482,8782,4337,573,263,1728,3617,2881,692,268469.7509,25628.0,Health Care,Professional,Accommodation and Food Service,Education,Finance,3570.0,3353.0,2746.0,2637.0,2175.0,12320.0,Health Care,Education,Retail Trade,Accommodation and Food Service,Real Estate,5441.0,1436.0,1076.0,870.0,734.0,Outside of Chicago,The Loop,Near North Side,Near West Side,Uptown,7693.0,5847.0,3266.0,1679.0,1130.0,Outside of Chicago,Uptown,Edgewater,West Ridge,Rogers Park,3914.0,1130.0,658.0,475.0,443.0,,,,,,,,,,,,,,,,6487,,,,,,,,,,5.402105078,1483.244033,83.63290366,5.638512734,352.3214983,23.75344114,24.26852847,1.636179073,69.3678465,4.676765588,241.1785235,16.26020521,8.77034429,0.591294763,357.5590991,24.10655908,0,0,333.6799608,22.49663261,12.46532808,0.840409791
Washington Heights,29843,26493,-3350,26435,5762,5016,4674,5603,3895,1485,43.13680075,198,359,25394,1,483,26213,22375,12989,9977,3012,9386,190,9560,5894,786,2641,137,102,18365,16304,3636,2744,2743,1512,1110,983,191,40607.31132,9283,6254,3029,1135,10418,7620,154,610,720,1307,6.251958225,265,1101,5989,3063,n/a,1009,2728,4681,1450,550,3629,2511,55,59,137955.8541,8647.0,Health Care,Education,Retail Trade,Administration,Public Administration,1683.0,1077.0,814.0,808.0,739.0,2171.0,Health Care,Information,Retail Trade,Education,Accommodation and Food Service,483.0,424.0,392.0,350.0,155.0,Outside of Chicago,The Loop,Near North Side,Near West Side,Hyde Park,2893.0,2029.0,645.0,642.0,177.0,Outside of Chicago,Roseland,Washington Heights,Auburn Gresham,West Pullman,1097.0,78.0,78.0,74.0,51.0,,,,,,,,,,,,,,,,13337,,,,,,,,,,2.053372505,1828.192641,796.2696317,43.55501788,68.99103564,3.773728988,9.651754046,0.527939662,53.96510069,2.951827914,86.48895453,4.730844693,36.64124188,2.004233091,682.1357024,37.31202539,0,0,49.56903819,2.711368435,44.48018183,2.433013941
Washington Park,14146,11717,-2429,11647,4672,2519,1899,1642,658,257,26.80716198,33,246,11070,11,287,11586,7731,4668,3280,1388,3063,46,3072,1257,278,1260,243,34,6099,4788,1100,2223,905,543,290,115,96,22270.91633,4172,751,3421,1483,5655,248,194,451,1391,3328,5.312687014,532,1123,1619,2381,n/a,965,2036,2053,528,73,326,320,65,40,169642.8571,3327.0,Health Care,Retail Trade,Accommodation and Food Service,Education,Administration,705.0,379.0,337.0,335.0,334.0,465.0,Education,Accommodation and Food Service,Construction,Arts and Entertainment,Manufacturing,93.0,73.0,54.0,50.0,46.0,Outside of Chicago,The Loop,Near North Side,Near West Side,Hyde Park,1021.0,621.0,262.0,259.0,94.0,Outside of Chicago,Greater Grand Crossing,South Shore,Roseland,New City,160.0,19.0,18.0,16.0,12.0,,,,,,,,,,,,,,,,7159,,,,,,,,,,22.9178837,972.7743567,15.50563117,1.593959695,130.0708727,13.37112474,6.041545428,0.621063393,21.61276167,2.221765152,46.37888586,4.767692069,12.98768962,1.33511842,229.9359741,23.63713358,0,0,349.3863134,35.91648063,160.8546828,16.53566232
West Elsdon,15921,18109,2188,19192,6250,4370,3852,2777,1371,573,31.58862137,3403,15371,135,260,24,19179,14320,9415,8149,1266,4904,55,7748,5302,892,1240,300,15,11339,7820,979,1108,1778,897,603,630,70,44883.38192,5087,3701,1386,330,5416,3738,205,490,501,466,5.872193437,147,1028,3198,1043,n/a,317,1673,2236,733,457,1563,1915,175,48,162521.7391,6275.0,Manufacturing,Administration,Retail Trade,Accommodation and Food Service,Health Care,966.0,658.0,644.0,637.0,605.0,1784.0,Retail Trade,Accommodation and Food Service,Finance,Health Care,Wholesale Trade,568.0,368.0,173.0,156.0,125.0,Outside of Chicago,The Loop,Near North Side,Near West Side,Lower West Side,2646.0,994.0,321.0,281.0,153.0,Outside of Chicago,West Elsdon,West Lawn,Gage Park,Brighton Park,884.0,114.0,74.0,49.0,46.0,,,,,,,,,,,,,,,,15397,,,,,,,,,,1.090785899,750.946334,339.4112083,45.19779816,41.66106778,5.547808931,5.082172132,0.676769018,47.19591767,6.284858922,15.27805188,2.034506487,35.24233024,4.693055768,239.6917778,31.91862946,0,0,16.0587767,2.138471949,11.32503145,1.508101303
West Englewood,45282,35505,-9777,34272,10439,7341,6352,5535,3561,1044,33.46563636,258,1297,32203,11,503,34033,26150,14220,8987,5233,11930,405,8305,4336,583,2896,413,77,21099,15768,1575,4696,2829,1334,651,411,115,27061.45967,10036,4816,5220,3231,13267,6700,207,3851,1565,922,6.140441587,509,1183,3736,7839,n/a,1245,3618,5222,1969,1213,3835,893,40,48,91310.34483,9495.0,Health Care,Retail Trade,Administration,Accommodation and Food Service,Education,1968.0,1085.0,1042.0,906.0,838.0,1559.0,Health Care,Retail Trade,Accommodation and Food Service,Other Service,Wholesale Trade,602.0,403.0,106.0,75.0,69.0,Outside of Chicago,The Loop,Near West Side,Near North Side,Hyde Park,3607.0,1409.0,716.0,622.0,173.0,Outside of Chicago,West Englewood,Chicago Lawn,Roseland,New City,733.0,75.0,44.0,34.0,32.0,,,,,,,,,,,,,,,,9811,,,,,,,,,,1.820793971,2019.009268,514.5707509,25.48629959,205.5630268,10.18138104,19.57741358,0.969654468,54.42158837,2.695460057,94.92483469,4.701555172,42.21031041,2.090644707,754.8162133,37.3854754,0,0,80.52980503,3.988580255,252.3953254,12.50094932
West Garfield Park,23019,18001,-5018,18894,6750,4200,3458,2786,1339,361,28.53489736,289,399,18091,49,65,18738,13293,5915,4702,1213,7378,166,4362,2249,220,1494,135,263,10432,7603,457,2685,1386,749,445,132,35,25421.12299,5432,1358,4074,2339,7771,751,99,3028,1932,1961,5.765411893,217,385,986,6183,n/a,1492,2333,2932,805,208,611,596,140,11,158133.9713,5133.0,Health Care,Administration,Retail Trade,Accommodation and Food Service,Education,1033.0,628.0,617.0,470.0,395.0,4032.0,Public Administration,Retail Trade,Manufacturing,Health Care,Finance,2046.0,400.0,359.0,236.0,225.0,Outside of Chicago,The Loop,Near West Side,Near North Side,Austin,2103.0,686.0,355.0,275.0,185.0,Outside of Chicago,Austin,Garfield Ridge,Norwood Park,Portage Park,985.0,141.0,112.0,109.0,106.0,,,,,,,,,,,,,,,,7871,,,,,,,,,,0.209938005,828.5811108,52.06273891,6.283360583,196.7690486,23.74771112,9.872615515,1.191508639,38.50505867,4.64710795,43.47592238,5.247032766,39.2997904,4.743022727,333.7567777,40.28051972,0,0,4.555159919,0.549754256,110.2839987,13.30998224
West Lawn,29235,33355,4120,33477,11179,8003,6934,4694,1802,865,30.88889447,5350,26926,932,143,126,33462,24541,16123,14049,2074,8418,193,13438,9194,2145,1739,344,16,19836,13186,2021,1721,2923,1581,1437,1084,304,48891.99255,9050,6711,2339,699,9749,6824,118,1058,726,991,6.291509434,363,1119,6328,1939,n/a,814,2171,4215,1772,777,2732,3810,150,19,160475.4704,11090.0,Manufacturing,Retail Trade,Health Care,Administration,Accommodation and Food Service,1640.0,1126.0,1119.0,1099.0,1079.0,5799.0,Manufacturing,Retail Trade,Education,Accommodation and Food Service,Health Care,2107.0,1125.0,675.0,535.0,366.0,Outside of Chicago,The Loop,Near West Side,Near North Side,West Lawn,4675.0,1743.0,589.0,589.0,280.0,Outside of Chicago,West Lawn,Chicago Lawn,Ashburn,South Lawndale,2985.0,280.0,191.0,160.0,101.0,,,,,,,,,,,,,,,,15652,,,,,,,,,,1.899016274,1889.706861,616.4667939,32.62235041,81.51296017,4.313524064,10.79005066,0.570990712,171.2545769,9.062494319,94.07962995,4.978530369,191.1109821,10.11326074,636.6051393,33.68803662,0,0,35.65278874,1.886683564,52.23393898,2.764129192
West Pullman,36649,29651,-6998,28171,8646,5232,5153,5154,3124,862,35.65809061,279,1275,26308,51,258,28095,21394,11820,8796,3024,9574,440,8077,5118,754,1860,299,46,17566,14233,2498,3539,2291,1571,936,579,244,34154.35746,9159,5556,3604,2136,11296,7621,373,1991,551,602,6.317769321,252,1251,5972,3821,n/a,717,2620,5437,1833,689,4034,1404,44,73,114431.382,8479.0,Health Care,Education,Retail Trade,Administration,Accommodation and Food Service,1644.0,956.0,879.0,818.0,741.0,954.0,Retail Trade,Manufacturing,Health Care,Transportation,Construction,306.0,221.0,118.0,76.0,53.0,Outside of Chicago,The Loop,Near West Side,Near North Side,Roseland,3333.0,1720.0,543.0,480.0,134.0,Outside of Chicago,West Pullman,Roseland,Auburn Gresham,West Englewood,572.0,59.0,33.0,20.0,19.0,,,,,,,,,,,,,,,,14135,,,,,,,,,,1.79719116,2281.120198,861.1464323,37.75103272,118.7957674,5.207782015,12.82087249,0.562042829,49.21726563,2.157591944,87.79555539,3.848791286,63.71717888,2.793240748,816.9565814,35.81383314,0.212536662,0.009317206,43.46702451,1.905512237,226.9909832,9.950855874
West Ridge,73199,71942,-1257,73019,20305,15361,14754,13368,6758,2473,35.75326226,32839,13088,7644,17097,2351,71452,55822,35670,32115,3555,20152,1201,30328,18028,3521,5811,2493,475,48265,40018,19076,6237,6375,4278,2718,2924,1713,48066.74566,24245,11542,12703,3468,27713,5053,1353,2859,7182,11155,5.485691574,1149,2774,11983,11807,n/a,6852,9780,8785,1719,577,3617,3745,3526,654,231152.4164,25864.0,Health Care,Retail Trade,Education,Accommodation and Food Service,Professional,4767.0,2742.0,2610.0,2511.0,2021.0,10342.0,Health Care,Retail Trade,Professional,Accommodation and Food Service,Other Service,5137.0,1203.0,987.0,708.0,514.0,Outside of Chicago,The Loop,Near North Side,West Ridge,Near West Side,11547.0,3608.0,1704.0,1393.0,952.0,Outside of Chicago,West Ridge,Rogers Park,Edgewater,Albany Park,5003.0,1393.0,371.0,357.0,217.0,,,,,,,,,,,,,,,,11672,,,,,,,,,,2.588385332,2259.630138,553.3459363,24.48834112,510.1193318,22.57534644,27.58925858,1.220963472,139.0717766,6.154625674,165.7703387,7.336171346,2.962215791,0.131092949,655.5810244,29.01275804,0,0,188.5321186,8.343494603,16.658137,0.737206356
West Town,87435,82236,-5199,85211,15025,36608,19508,9058,3621,1391,31.84025386,49536,23740,6205,3351,2379,84555,72682,58449,54058,4353,14233,3548,49598,22637,3391,17009,5809,752,63741,56054,38716,6995,6285,6198,4380,5931,7429,71267.18213,37218,14267,22951,3518,40736,4261,1663,5833,13895,15039,4.949063803,7931,6466,4819,21520,n/a,8686,19128,9999,2330,593,711,3091,6380,4085,384663.2783,43802.0,Professional,Health Care,Accommodation and Food Service,Education,Finance,6353.0,4810.0,4096.0,3931.0,3847.0,36931.0,Administration,Health Care,Accommodation and Food Service,Retail Trade,Information,7292.0,5300.0,4459.0,3407.0,3070.0,Outside of Chicago,The Loop,Near North Side,Near West Side,West Town,13598.0,10021.0,5002.0,3649.0,3245.0,Outside of Chicago,West Town,Logan Square,Lake View,Humboldt Park,15051.0,3245.0,1601.0,1263.0,798.0,,,,,,,,,,,,,,,,9811,,,,,,,,,,2.496372965,2928.45305,218.036912,7.445463809,682.8792506,23.31877066,137.5801033,4.69804709,165.6293878,5.655866254,133.4706383,4.557718223,193.5190562,6.608234891,1088.025977,37.15360835,0,0,239.3297377,8.172565297,69.98198701,2.389725422
Woodlawn,27086,23740,-3346,22817,7437,4970,4308,3766,1814,522,31.70636423,1951,438,19339,640,449,21509,17683,9723,7508,2200,7960,313,6843,3095,377,2307,950,114,13350,11161,3294,4381,2215,989,606,516,247,25801.33556,8954,1921,7033,3051,12005,977,458,2089,3212,5254,5.278629857,981,2497,3776,4751,n/a,3072,3798,3795,1038,302,817,902,149,53,166087.4439,7326.0,Health Care,Education,Administration,Accommodation and Food Service,Retail Trade,1541.0,1022.0,721.0,660.0,658.0,1927.0,Education,Accommodation and Food Service,Health Care,Real Estate,Retail Trade,454.0,294.0,255.0,243.0,168.0,Outside of Chicago,The Loop,Near North Side,Hyde Park,Near West Side,2308.0,1373.0,591.0,580.0,541.0,Outside of Chicago,Woodlawn,Hyde Park,South Shore,Greater Grand Crossing,535.0,135.0,77.0,66.0,65.0,,,,,,,,,,,,,,,,8543,,,,,,,,,,13.35735572,1325.242649,63.84436362,4.817560293,255.1463977,19.25280612,7.442405017,0.561588101,37.67839169,2.843131538,140.3439124,10.59005402,3.804854503,0.287106252,349.1159581,26.34354988,0,0,348.3658317,26.28694693,119.5005338,9.017256872
