CCA,INC_LT_25K,INC_25_50K,INC_50_75K,INC_75_100K,INC_100_150K,INC_GT_150,MEDINC,POP_25OV,HS,BACH,POP_16OV,IN_LBFRC,EMP,UNEMP,NOT_IN_LBFRC,HU_TOT,HU_SNG_DET,HU_SNG_ATT,HU_2UN,HU_3_4UN,HU_GT_5UN,MED_ROOMS,HV_LT_150K,HV_150_300K,HV_300_500K,HV_GT_500K,MED_HV,HA_AFT2000,HA_90_70,HA_40_70,HA_BEF1940,MED_HA,BR_0_1,BR_2,BR_3,BR_4,BR_5,TOT_COMM,DROVE_AL,CARPOOL,TRANSIT,WALK,OTHER,WORK_FRM_HM,OWN_OCC_HU,RNT_OCC_HU,VAC_HU,TOT_POP,TOT_HH,AVG_HH_SIZE,WHITE,HISP,BLACK,ASIAN,OTHER,UND19,A20_34,A35_49,A50_64,A65_79,OV80,MED_AGE,2010_POP,2000_POP,POP_CHANGE,TOT_EMP_RES,RES_NAICS1_TYPE,RES_NAICS2_TYPE,RES_NAICS3_TYPE,RES_NAICS4_TYPE,RES_NAICS5_TYPE,RES_NAICS1_COUNT,RES_NAICS2_COUNT,RES_NAICS3_COUNT,RES_NAICS4_COUNT,RES_NAICS5_COUNT,TOT_EMP_WORK,WORK_NAICS1_TYPE,WORK_NAICS2_TYPE,WORK_NAICS3_TYPE,WORK_NAICS4_TYPE,WORK_NAICS5_TYPE,WORK_NAICS1_COUNT,WORK_NAICS2_COUNT,WORK_NAICS3_COUNT,WORK_NAICS4_COUNT,WORK_NAICS5_COUNT,RES_CITY1_TYPE,RES_CITY2_TYPE,RES_CITY3_TYPE,RES_CITY4_TYPE,RES_CITY5_TYPE,RES_CITY1_COUNT,RES_CITY2_COUNT,RES_CITY3_COUNT,RES_CITY4_COUNT,RES_CITY5_COUNT,WORK_CITY1_TYPE,WORK_CITY2_TYPE,WORK_CITY3_TYPE,WORK_CITY4_TYPE,WORK_CITY5_TYPE,WORK_CITY1_COUNT,WORK_CITY2_COUNT,WORK_CITY3_COUNT,WORK_CITY4_COUNT,WORK_CITY5_COUNT,AVG_VMT,HC_PCT,TR_PCT,HCTR_PCT,PARK_ACC,TOT_ACRES,SF,Sfperc,MF,Mfperc,MIX,MIXperc,COMM,COMMperc,INST,INSTperc,IND,INDperc,TRANS,TRANSperc,AG,Agperc,OPEN,OPENperc,WATER,WATERperc,VACANT,VACperc,POP_HH
Albany Park,4781,3986,2966,2003,1748,1320,47864.92398,34748,23325,9203,41969,30371,27319,3052,11598,18213,3175,185,2884,4267,7668,5.293326157,649,2822,1941,726,272652.6082,871,1646,4166,11530,1918.19111,4888,7604,4155,1284,282,25717,12417,2996,8698,1421,185,1084,6138,10666,1409,53897,16804,3.140621281,15844,28257,2177,6710,909,15185,15306,11848,7657,2757,1144,31.3793231,57655,51542,-6113,16850,Health Care,Retail Trade,Accommodation and Food Service,Manufacturing,Education,2263,1783,1761,1564,1379,5163,Retail Trade,Health Care,Manufacturing,Administration,Education,1058,922,628,486,401,Chicago,Skokie,Evanston,Des Plaines,Elk Grove Village,9930,415,333,271,270,Chicago,Skokie,Des Plaines,Park Ridge,Evanston,2832,126,55,54,52,12946.29884,25.5,17.2,42.7,5.76,1949.3,643.7,33,459.6,23.6,227.3,11.7,2.8,0.1,231,11.9,18.2,0.9,60.4,3.1,0,0,277.6,14.2,15,0.8,13.7,0.7,52775
Archer Heights,754.2053571,1387.696429,814.0625,357.625,279,141.9330357,42655.16006,7728.260437,4954.489066,725.5487078,9750.227457,6577.794476,5496.034931,1081.759545,3172.432981,4206.538622,2118.743215,72.89979123,1182.336117,552.7348643,227.8246347,5.594139119,403.5580357,1616.321429,304.5446429,78.97321429,220261.5761,16.87473904,690.7202505,1950.121086,1548.822547,1948.142824,266,1516.659708,1656.893528,469.9853862,297,5214.821074,3158.479125,853.1848907,843.9920477,342.1650099,17,106.1053678,2403.397321,1331.125,471.6617954,13408.35388,3734.522321,3.587702181,2995.06163,9916.870775,210.4691849,209.9522863,76,4370.916501,3223.411531,2675.592445,1905.838966,883.1510934,349.44334,28.9416761,12644,13393,749,4620,Manufacturing,Retail Trade,Administration,Accommodation and Food Service,Health Care,728,522,488,460,443,8404,Manufacturing,Transportation,Administration,Retail Trade,Wholesale Trade,2921,1787,1004,653,650,Chicago,Bedford Park,Cicero town,Bridgeview,Alsip,2585,100,58,51,39,Chicago,Cicero town,Oak Lawn,Burbank,Berwyn,3886,205,160,144,116,16373.88576,25.5,19.6,45,1.2,1516.4,339.6,22.4,66,4.4,108.8,7.2,0.9,0.1,37.6,2.5,613.4,40.5,301.5,19.9,0,0,16.1,1.1,0,0,32.6,2.1,13398.35388
Armour Square,2835.711009,1085.912844,641.6972477,354.940367,329.1651376,127.3761468,21743.57846,9848.165409,6453.107371,2068.490424,11695.35918,7061.186642,5880.601113,1180.585529,4634.172542,5753.851904,438.0930889,783.9732017,651.977433,1111.607898,2759.094499,4.715935944,324.0917431,956.8440367,436.3256881,176.6238532,246449.1218,950.5599436,1973.146685,977.9732017,1852.172073,1970.598197,1643.909732,1751.654443,1903.320169,302.1636107,152.8039492,5315.178178,1804.830528,1221.186883,1570.83285,652.4526988,65.87521764,405,1893.885321,3480.917431,380.2750353,13764.29367,5374.802752,2.559590428,1560.087638,651.8769588,1680,9201.634939,670.6941381,2625.381892,3013.671503,2682.977365,2544.653511,1971.070226,926.5391759,41.70454748,12032,13391,1359,4599,Accommodation and Food Service,Health Care,Retail Trade,Manufacturing,Administration,945,553,412,409,307,3872,Accommodation and Food Service,Administration,Health Care,Retail Trade,Manufacturing,1325,521,492,323,286,Chicago,Des Plaines,Cicero town,Elk Grove Village,Evanston,2974,46,36,34,34,Chicago,Oak Lawn,Orland Park,Skokie,Tinley Park,2900,37,28,26,23,8382.616486,15.9,15.6,31.5,3.02,1019.6,106,10.4,221.7,21.7,44.5,4.4,77.1,7.6,61.8,6.1,95.3,9.3,281.7,27.6,0,0,47.3,4.6,34.9,3.4,49.4,4.8,13757.29367
Ashburn,2120,2568,2467,2099,2544,982,67963.90803,26737,22007,5184,32824,21367,18862,2505,11457,13448,11837,69,127,596,803,6.395705521,3035,7285,666,14,181929.0707,173,2187,10404,684,1956.984737,278,2302,7703,2488,677,17890,13585,1742,2252,233,78,306,11000,1780,668,42788,12780,3.309233177,7152,13148,22047,121,320,12938,8390,8906,8352,2915,1287,35.09723757,39584,41081,1497,15541,Health Care,Education,Public Administration,Retail Trade,Manufacturing,2202,2022,1827,1359,1337,7471,Public Administration,Retail Trade,Health Care,Utilities,Accommodation and Food Service,2573,1114,832,733,421,Chicago,Bedford Park,Oak Lawn,Alsip,Bridgeview,9673,312,244,143,143,Chicago,Oak Lawn,Tinley Park,Orland Park,Burbank,3292,154,89,81,73,18640.08081,28.2,21,49.2,10.18,3733.4,1920.3,51.4,66,1.8,206.8,5.5,141.1,3.8,233.6,6.3,116.8,3.1,503.3,13.5,0,0,414.2,11.1,0,0,131.4,3.5,42292
Auburn Gresham,7161,4655,2767,1395,816,379,30899.9472,30817,25122,3763,38212,21481,15369,6078,16731,20718,8470,631,3941,4105,3529,5.856440511,4011,3695,261,42,149790.9417,679,1516,7563,10960,1933.571259,4049,6571,6684,2311,1103,14652,7771,1309,5138,226,208,379,8009,9164,3545,49634,17173,2.885983812,135,484,48680,77,258,15421,8572,9654,8594,5659,1734,36.22985075,55928,48743,-7185,13475,Health Care,Education,Retail Trade,Administration,Transportation,2733,1708,1196,1183,1097,2701,Retail Trade,Accommodation and Food Service,Transportation,Health Care,Manufacturing,655,375,352,219,188,Chicago,Oak Lawn,Bedford Park,Rolling Meadows,Schaumburg,9648,130,111,95,91,Chicago,Oak Lawn,Calumet City,Orland Park,Evergreen Park,1678,40,33,26,24,11317.24641,19.8,19,38.7,7.2,3249.8,1526.3,47,443.3,13.6,272.6,8.4,7.6,0.2,129.7,4,171,5.3,236.4,7.3,0,0,351,10.8,0,0,112.1,3.4,49561
Austin,13263,8680,4674,2719,2133,959,31885.40373,61288,46315,6789,74967,43381,33554,9821,31586,38606,9318,611,11825,7885,8868,5.674335743,3021,7169,2443,185,210105.9243,930,3063,12421,22192,1926.111977,8036,14202,11228,3186,1954,31639,19138,2394,8809,770,528,997,12818,19610,6178,98162,32428,2.985043789,4463,8756,83844,351,748,29835,20418,18517,18607,8308,2477,33.27620812,117527,98514,-19013,31388,Health Care,Retail Trade,Administration,Education,Manufacturing,5925,3358,3036,2950,2384,15958,Health Care,Manufacturing,Retail Trade,Public Administration,Administration,4191,2403,2073,1349,939,Chicago,Oak Park,Melrose Park,Des Plaines,Schaumburg,17519,756,384,353,349,Chicago,Cicero town,Berwyn,Oak Park,Maywood,8331,357,231,215,129,11636.22435,22.7,18.1,40.8,2.23,4789.6,1561.8,32.6,1154.6,24.1,455.8,9.5,38,0.8,177.3,3.7,688.3,14.4,311.9,6.5,0,0,219.2,4.6,5.2,0.1,177.4,3.7,96799
Avalon Park,1150.426901,931.128655,608.6023392,441.7076023,560.3157895,164.5692008,45465.43448,6936.140813,6201.954819,1622.096386,7905.601979,4824.076865,3806.393912,1017.682953,3081.525114,4387.110919,2951.083189,177.762565,411.3986135,405.2530329,441.6135182,6.305587341,972.6315789,1476.674464,111,45,170939.6092,205,327,2011.483536,1843.627383,1944.667985,554.6343154,1235.738302,1711.305026,730.4332756,155,3534.917169,2110.895331,510.3034639,834.7183735,35,44,158.0805723,2605.306043,1251.444444,531.7608319,9589.472892,3856.750487,2.485116142,167.0527108,29,9269.78238,34,89.6378012,2115.53012,1624.709337,2112.229669,1874.294428,1430.768072,431.9412651,42.35012225,11147,10185,-962,3317,Health Care,Education,Public Administration,Retail Trade,Administration,678,476,354,283,266,2417,Health Care,Construction,Retail Trade,Accommodation and Food Service,Finance,1334,298,230,220,103,Chicago,Evanston,Oak Lawn,Schaumburg,Oak Brook,2342,24,24,22,21,Chicago,Calumet City,South Holland,Lansing,Riverdale,1611,34,21,20,18,14456.5578,23,19.5,42.5,7.79,1241.6,659.5,53.1,25.2,2,147.5,11.9,1.1,0.1,53.2,4.3,30.6,2.5,162.2,13.1,0,0,72.6,5.8,0,0,89.7,7.2,9584.472892
Avondale,3279,4321,2892,1270,1487,552,46352.70125,26905,20268,5716,32859,23591,21415,2176,9268,15282,2563,487,4805,4386,2968,5.546545914,538,2118,2793,325,311180.9143,865,761,2008,11648,1904.943252,2696,6844,4289,822,631,20343,11418,2524,5074,1071,256,759,5774,8027,1481,41542,13801,3.006231433,11010,27177,1110,1289,956,10496,13454,8608,5752,2693,539,31.0261927,43083,39262,-3821,14324,Health Care,Accommodation and Food Service,Manufacturing,Retail Trade,Administration,1535,1529,1510,1474,1390,11898,Administration,Manufacturing,Retail Trade,Utilities,Accommodation and Food Service,3877,2256,1878,920,557,Chicago,Skokie,Evanston,Des Plaines,Elk Grove Village,8674,200,198,190,172,Chicago,Cicero town,Skokie,Melrose Park,Berwyn,5503,208,115,103,97,13853.04227,26.7,16.7,43.4,0.53,1629.5,223.3,13.7,737.3,45.2,208.5,12.8,21.6,1.3,36,2.2,200.1,12.3,151.2,9.3,0,0,20.8,1.3,23.4,1.4,7.2,0.4,41489
Belmont Cragin,5763.219931,6796.688431,4315.020619,2191.34937,1972.172967,506.3688431,42307.42733,46049.37006,28851.59298,4908.641035,57300.36774,38818.67884,33132.70385,5685.974994,18481.68889,24118.48439,8928.693219,281.7728741,5884.385361,5897.256189,2998.248654,5.547975145,1677.774341,5706.77205,2904.581901,168,243448.0088,617.5091496,2139.415501,8265.664155,13095.89559,1931.163294,3839.706136,9764.14747,6443.087191,2170.707212,1900.836383,31387.94196,20026.39815,5501.797043,4588.684658,1002.280222,268.7818854,539.5855823,10457.12829,11087.69187,2572.962325,77833.43771,21544.82016,3.598714459,11878.39482,59946.75416,3819.491682,991.4513863,1197.345656,26016.63808,17959.99187,16897.98854,11154.24695,4406.728281,1397.843993,30.82734082,78144,78743,599,25062,Manufacturing,Retail Trade,Health Care,Administration,Accommodation and Food Service,4026,3012,2859,2561,2348,9217,Retail Trade,Administration,Manufacturing,Accommodation and Food Service,Health Care,2620,2087,993,924,574,Chicago,Elk Grove Village,Des Plaines,Skokie,Franklin Park,12606,660,456,391,341,Chicago,Cicero town,Berwyn,Skokie,Elmwood Park,4371,188,110,95,94,15055.75883,26.8,18.4,45.2,1.17,2779.1,1185.2,42.6,488,17.6,400.2,14.4,82.3,3,159.6,5.7,290,10.4,54.2,2,0,0,92.4,3.3,0,0,27.2,1,77533.65582
Beverly,830,1079,1301,1290,1542,1663,87451.05233,13940,13423,7683,16020,10899,10026,873,5121,8316,6395,157,483,193,1088,7.251282051,567,2305,2380,1044,316777.9477,151,224,3806,4135,1940.151316,819,1508,3225,1972,792,9285,6724,659,1651,203,48,491,6296,1409,611,21226,7705,2.751849448,12358,1092,7366,61,349,6226,2631,4806,4792,2116,655,40.77653631,21992,20034,-1958,10441,Education,Public Administration,Health Care,Retail Trade,Finance,1940,1529,1341,796,672,3702,Administration,Health Care,Retail Trade,Accommodation and Food Service,Education,761,701,446,431,416,Chicago,Evergreen Park,Oak Lawn,Blue Island,Oak Brook,6307,211,176,74,66,Chicago,Oak Lawn,Evergreen Park,Orland Park,Blue Island,1854,115,89,65,61,11249.56251,30.1,21.6,51.7,21.18,2305,1710.2,74.2,50.5,2.2,157.2,6.8,1.5,0.1,66.1,2.9,5.6,0.2,23.7,1,0,0,285.3,12.4,0,0,4.9,0.2,21203
Bridgeport,3673.288991,3015.087156,2222.302752,1432.059633,1029.834862,751.6238532,44415.54918,21406.83459,16644.89263,5053.509576,26512.64082,18489.81336,15951.39889,2531.414471,8022.827458,14059.1481,3866.906911,536.0267983,3542.022567,3622.392102,2462.905501,5.260214957,723.9082569,2463.155963,1798.674312,736.3761468,283767.482,1501.440056,1539.853315,1943.026798,9074.827927,1916.687716,2179.090268,5732.345557,4640.679831,993.8363893,513.1960508,15220.82182,7717.169472,2494.813117,3377.16715,1465.547301,166.1247824,362,5722.114679,6402.082569,1933.724965,32375.70633,12124.19725,2.66753383,10737.91236,9256.123041,635,10749.36506,997.3058619,7717.618108,8539.328497,6757.022635,6110.346489,2427.929774,823.4608241,33.86569657,33694,31977,-1717,11805,Accommodation and Food Service,Health Care,Education,Retail Trade,Manufacturing,1681,1293,1078,1061,1059,5094,Manufacturing,Transportation,Accommodation and Food Service,Construction,Wholesale Trade,1820,435,421,413,385,Chicago,Des Plaines,Elk Grove Village,Evanston,Naperville,8557,103,94,73,73,Chicago,Cicero town,Berwyn,Oak Lawn,Burbank,2919,86,57,53,50,12102.08501,20.4,17,37.4,0.65,1781.6,295.9,16.6,390.7,21.9,119.8,6.7,11.8,0.7,28.6,1.6,651.3,36.6,164.1,9.2,0,0,20.9,1.2,74.6,4.2,24,1.3,32341.70633
Brighton Park,3447,4084,2287,880,684,190,37593.37793,24124,13241,2140,31346,20610,17731,2864,10736,13810,3835,168,5744,3468,559,5.377590177,1490,3154,577,86,194094.2037,433,728,3314,9335,1913.229245,1094,6011,4948,1095,662,16929,10146,2777,3014,956,36,293,5307,6265,2238,44148,11572,3.806602143,3625,37203,568,2718,34,15930,10744,9302,5393,2019,760,27.31442281,44912,45368,456,11765,Manufacturing,Accommodation and Food Service,Retail Trade,Administration,Health Care,2078,1386,1268,1226,1080,5135,Manufacturing,Wholesale Trade,Administration,Retail Trade,Transportation,1174,941,868,756,360,Chicago,Bedford Park,Cicero town,Elk Grove Village,Bridgeview,6883,198,141,104,98,Chicago,Cicero town,Oak Lawn,Berwyn,Burbank,2816,122,90,62,59,14960.39563,21.2,18.3,39.5,0.89,2193.9,330.4,15.1,497.1,22.7,170,7.7,0,0,40.8,1.9,455.9,20.8,654,29.8,0,0,32.1,1.5,0,0,13.5,0.6,44050
Burnside,510,240,193,43,29,41,26343.01493,2035,1642,189,2613,1450,1181,269,1163,1264,730,23,196,120,184,6.18699187,353,208,19,0,132303.0787,233,151,388,492,1948.181818,229,220,540,223,52,1121,658,77,386,0,0,32,580,476,208,3508,1056,3.321969697,20,0,3488,0,0,1272,668,490,628,349,101,30.76521739,3294,2916,-378,821,Health Care,Education,Retail Trade,Public Administration,Administration,170,97,84,79,68,642,Health Care,Manufacturing,Retail Trade,Other Service,Wholesale Trade,232,183,76,70,43,Chicago,Calumet City,Bedford Park,Arlington Heights,Bridgeview,586,8,7,6,6,Chicago,Dolton,Calumet City,Cicero town,South Holland,358,14,10,9,9,18389.79591,17.5,20.1,37.6,4.89,454.7,158.4,34.8,15.6,3.4,18.1,4,0,0,11,2.4,124.5,27.4,49.5,10.9,0,0,14.3,3.1,0,0,63.4,13.9,3508
Calumet Heights,1096,1374,1144,845,663,464,55616.82957,10253,9125,2915,11740,6450,5159,1291,5290,6151,4687,135,655,443,191,6.372885979,1400,2559,356,62,173550.4319,113,343,4192,1503,1952.714589,340,1602,3024,987,198,4682,3077,356,1176,42,31,214,4377,1209,565,14382,5586,2.573755818,195,601,13487,14,85,3383,1880,2950,2849,2586,734,45.61869313,15974,13812,-2162,4529,Health Care,Education,Public Administration,Retail Trade,Administration,780,750,490,356,336,2361,Health Care,Accommodation and Food Service,Retail Trade,Transportation,Other Service,1267,348,224,109,97,Chicago,Oak Lawn,Calumet City,Harvey,Lansing,3414,44,32,24,23,Chicago,Oak Lawn,Calumet City,Orland Park,Evergreen Park,1023,45,42,39,24,14559.2784,21.4,20.1,41.5,5.42,1584,953.1,60.2,59.2,3.7,99.2,6.3,3.9,0.2,37.8,2.4,103.9,6.6,133.9,8.5,0,0,61.5,3.9,0,0,131.3,8.3,14377
Chatham,5992.573099,3663.871345,2233.397661,1065.292398,762.6842105,394.4307992,30572.34821,22373.85919,19128.04518,4978.903614,25977.39802,15154.92314,11516.60609,3638.317047,10822.47489,17062.88908,5288.916811,758.237435,1752.601386,4096.746967,5118.386482,5.388348443,2320.368421,2518.325536,305,58,159565.7346,352,1396,8458.516464,6856.372617,1945.686071,5070.365685,5542.261698,4621.694974,1465.566724,363,10534.08283,5642.104669,721.6965361,3951.281627,176,43,439.9194277,5201.693957,8910.555556,2949.239168,33271.52711,14112.24951,2.355933906,178.9472892,158,32442.21762,23,469.3621988,9052.46988,6216.290663,6097.770331,6787.705572,3330.231928,1787.058735,37.85245822,37275,31028,-6247,9549,Health Care,Education,Public Administration,Administration,Retail Trade,1987,1324,870,811,804,6035,Retail Trade,Education,Transportation,Finance,Health Care,1661,1393,768,656,459,Chicago,Oak Lawn,Rolling Meadows,Bedford Park,Evanston,7042,81,67,63,60,Chicago,South Holland,Calumet City,Dolton,Oak Lawn,3371,94,84,68,61,9838.933257,18.2,18,36.2,1.63,2754,1262.3,45.8,365.1,13.3,241.4,8.8,58.2,2.1,88.1,3.2,248.1,9,271.2,9.8,0,0,50.7,1.8,0,0,169,6.1,33247.52711
Chicago Lawn,5542,4792,2514,1518,858,192,34480.19437,30301,20852,2766,38442,22746,18860,3878,15696,19044,8290,185,4080,2924,3537,5.819685196,3300,3259,246,64,152580.48,318,1911,10772,6043,1948.166667,3471,6121,6283,2057,1112,17688,10494,2940,3784,413,57,607,6869,8547,3628,54807,15416,3.540801764,1900,22881,29311,439,276,20586,11985,10536,8149,2890,661,27.96343646,61412,55628,-5784,15228,Health Care,Manufacturing,Administration,Retail Trade,Accommodation and Food Service,2365,1827,1624,1616,1297,6929,Retail Trade,Manufacturing,Health Care,Accommodation and Food Service,Other Service,1860,1840,1695,261,254,Chicago,Bedford Park,Cicero town,Oak Lawn,Oak Brook,9237,295,170,147,132,Chicago,Oak Lawn,Burbank,Orland Park,Tinley Park,3237,223,116,114,82,13107.81313,22.1,19,41.1,5.05,2902.3,1344.3,46.3,286,9.9,269.4,9.3,8,0.3,78,2.7,83.4,2.9,470.1,16.2,0,0,280.7,9.7,42.2,1.5,40.1,1.4,54585
Clearing,1786,1722,1854,1338,1261,428,56587.63292,15296,12417,2599,17681,12434,11250,1184,5247,9174,5431,622,530,787,1797,5.806267806,1215,4375,692,64,212805.8326,355,1916,5876,1027,1960.2677,964,2389,4440,1072,309,10799,7250,1457,1519,525,48,135,6346,2043,785,22716,8389,2.706639647,11775,10460,121,184,176,5975,5417,4293,4035,1936,1060,33.92268334,22331,23139,808,10010,Manufacturing,Public Administration,Education,Health Care,Retail Trade,1111,1090,1047,1006,969,3075,Manufacturing,Wholesale Trade,Professional,Accommodation and Food Service,Retail Trade,797,488,395,258,245,Chicago,Bedford Park,Cicero town,Bridgeview,Oak Lawn,5389,245,108,105,95,Chicago,Oak Lawn,Burbank,Orland Park,Bridgeview,1200,95,66,63,39,16527.71094,24.7,20.5,45.2,2.55,2486.5,1054.2,42.4,83,3.3,97.6,3.9,0.2,0,26.5,1.1,155.1,6.2,969.8,39,0,0,67.6,2.7,0,0,32.4,1.3,22706
Douglas,3789,2004,1551,721,540,405,33301.22642,12446,10681,4848,16342,9641,7890,1751,6701,10726,688,707,306,431,8564,4.056890459,500,641,501,233,241823.8081,1023,2474,5722,1507,1962.442405,5116,3278,1599,595,138,7259,3401,655,2098,1064,41,323,1875,7135,1716,19098,9010,1.829966704,2271,570,13686,2335,236,4008,5730,3272,3280,1735,1073,33.38083538,26470,18238,-8232,5953,Health Care,Education,Administration,Public Administration,Retail Trade,1099,926,459,453,427,23876,Public Administration,Education,Health Care,Administration,Accommodation and Food Service,17096,2172,1183,687,649,Chicago,Evanston,Schaumburg,Oak Brook,Rolling Meadows,4557,59,35,31,31,Chicago,Oak Park,Evanston,Oak Lawn,Calumet City,21174,112,83,72,52,9123.350286,20,16.3,36.3,13.79,1519.1,72.2,4.8,385.6,25.4,57.2,3.8,138.3,9.1,325.6,21.4,38.7,2.5,180.8,11.9,0,0,236.9,15.6,0.4,0,83.5,5.5,16488
Dunning,3088,3201,2952,2410,2487,1003,61440.6507,30515,25586,7314,35366,24019,21611,2408,11347,16145,10585,596,1393,1061,2454,5.977577907,1003,6534,3631,307,259993.1305,768,3106,7723,4548,1952.233704,2018,5370,5916,2024,817,21059,16142,2309,1887,479,242,198,11475,3666,1004,42115,15141,2.771151179,29975,9706,426,1617,391,8834,9071,8827,9019,4209,2155,40.78299213,42164,41932,-232,18354,Health Care,Retail Trade,Manufacturing,Education,Public Administration,2148,2029,1961,1626,1539,6268,Health Care,Retail Trade,Administration,Education,Manufacturing,1417,900,860,819,585,Chicago,Elk Grove Village,Des Plaines,Skokie,Franklin Park,9361,456,329,306,258,Chicago,Elmwood Park,Harwood Heights,Des Plaines,Cicero town,3557,81,68,66,64,15817.43303,26,19.8,45.9,30.34,3727.3,2083.1,55.9,137.5,3.7,136.4,3.7,19.7,0.5,394.8,10.6,31.7,0.9,0,0,0,0,877.1,23.5,0,0,47.1,1.3,41958
East Garfield Park,3437.185442,1675.859619,763.8076257,589,294,135,25108.48712,11523.07815,9070.489639,1656.488455,14865.72824,7267.930136,5823.73061,1419.199526,7597.798105,8972.943836,1170.952055,320.9917808,2401.771233,2519.749315,2558.479452,5.609326503,592.9462738,913.8908146,300.9878683,48.98440208,200915.0051,893.9438356,1433.732877,1066.80137,5578.465753,1919.620587,1837.771233,2771.606849,3156.649315,884.9219178,321.9945205,5457.972173,3089.313203,187,1724.734754,342.9242155,114,269.8247484,1856.809359,5038.043328,2077.850685,21308.13736,6894.852686,2.995442876,661.9005329,367.7489639,20035.74364,92,150.7442274,8206.547069,4481.545885,3962.114269,2889.991119,1290.531083,477.4079337,27.32581636,20881,20567,-314,6011,Health Care,Retail Trade,Education,Administration,Accommodation and Food Service,1115,670,609,591,466,2431,Health Care,Administration,Manufacturing,Construction,Wholesale Trade,720,356,252,225,117,Chicago,Oak Park,Melrose Park,Des Plaines,Broadview,3949,81,60,57,55,Chicago,Oak Park,Berwyn,Cicero town,Skokie,1423,35,23,23,22,9949.322383,18.8,17.6,36.4,9.22,1592.3,42.4,2.7,616.4,38.7,95.3,6,40,2.5,103.7,6.5,124.9,7.8,257.1,16.1,0,0,167.2,10.5,12.7,0.8,132.5,8.3,20653.13736
East Side,1907.401758,1990.176353,1324.333021,663.0315869,728.483795,278.0543348,42536.27516,13973.86043,9507.449775,1720.516107,16727.46298,10219.98929,8978.389395,1241.599899,6507.473687,7867.575324,4674.48577,271.7042145,1919.766291,809.6935818,167.9254658,6.040727296,2618.329004,1802.210245,268.3176633,9,139747.9911,36,736.507878,3746.853844,3348.213601,1943.650457,336.8073481,2443.760396,3632.043373,1040.488823,414.4753834,8415.980283,5392.900318,1818.864698,848.9910637,355.2242028,0,262.9437893,4697.856912,2193.623936,975.7184265,23482.52405,6891.480849,3.406020355,4077.432561,18581.38119,636,100.7102987,87,8034.492949,4881.935092,4694.005592,3381.190208,1617.77313,873.1270748,31.22002791,23653,23042,-611,7270,Manufacturing,Health Care,Education,Retail Trade,Administration,1053,933,697,683,645,1264,Administration,Retail Trade,Transportation,Accommodation and Food Service,Health Care,251,224,172,164,92,Chicago,South Holland,Lansing,Calumet City,Harvey,4064,117,110,92,67,Chicago,Lansing,Calumet City,South Holland,Oak Lawn,563,28,22,17,12,18596.97104,18.9,21.8,40.7,24.58,2804.8,823.9,29.4,61.5,2.2,75.5,2.7,9.8,0.4,54.5,1.9,398.8,14.2,137.8,4.9,0,0,445.8,15.9,182.4,6.5,614.6,21.9,23472.52405
Edgewater,8848,7392,4572,3127,3121,2050,42646.29284,41943,37872,22874,49414,34461,31269,3184,14953,32312,2126,394,2166,3048,24549,4.110834164,1968,5277,2575,1543,243576.0763,943,5704,10580,15085,1945.316602,17924,8989,4167,796,436,28925,11070,2279,12515,2413,648,1762,11363,17747,3202,55333,29110,1.811336311,29573,9019,8114,6733,1894,8419,17450,13374,9480,4552,2058,36.44522613,62198,56521,-5677,24923,Health Care,Education,Professional,Accommodation and Food Service,Finance,3503,2917,2861,2597,2005,9351,Health Care,Accommodation and Food Service,Retail Trade,Professional,Other Service,3314,1467,1177,581,520,Chicago,Evanston,Skokie,Northbrook,Glenview,17061,1103,454,276,261,Chicago,Skokie,Evanston,Morton Grove,Lincolnwood,5965,260,136,92,80,7315.504428,22.8,15.4,38.2,6.15,1704.9,153.3,9,784.9,46,219.1,12.9,17.8,1,105.5,6.2,4.3,0.3,63.2,3.7,0,0,353.3,20.7,0.1,0,3.4,0.2,52728
Edison Park,571.4823335,688.6314577,741.9200236,873.3217959,895.5342904,793.9226702,83025.7145,8154.081977,7548.183346,3416.978418,9063.388889,6307.007287,5881.798154,425.209133,2756.381602,4887.141182,3369.415265,29.59492864,77.375,221.516055,1189.239934,6.12226875,158.6908167,1174.893847,1774.436509,541.5788864,349971.4449,147.1666667,495.3269623,2956.377039,1288.270515,1952.567052,585.8012232,1446.418578,1696.228211,882.5592508,276.1339195,5546.47396,4257.932219,315.6392209,640.5347318,299.3677877,33,251.2532747,3649.600059,915.2125122,322.9445719,11031.17494,4564.812571,2.415471559,10171.98633,491.7447178,0,241.5116618,125.9322238,2358.272271,1935.395142,2839.312895,2245.004734,1048.636848,604.5530475,42.09860417,11328,11187,-141,5370,Education,Health Care,Public Administration,Retail Trade,Professional,677,657,593,471,400,2723,Administration,Professional,Health Care,Accommodation and Food Service,Manufacturing,1029,345,242,201,150,Chicago,Park Ridge,Niles,Evanston,Skokie,2746,185,156,130,123,Chicago,Park Ridge,Des Plaines,Niles,Skokie,1232,91,63,32,29,12497.05882,28.9,20.2,49.1,2.13,1163.6,992.8,85.3,57.2,4.9,35.9,3.1,8.3,0.7,15.9,1.4,21.2,1.8,4.9,0.4,0,0,25.2,2.2,0,0,2.1,0.2,11026.17494
Englewood,5877,2109,983,514,208,112,19102.82696,16330,11678,882,21231,10166,7289,2834,11065,14753,3318,449,5333,2265,3343,5.783333333,1854,956,61,33,120050.2184,739,2191,4731,7092,1941.273247,2643,4575,5043,1505,987,6898,3401,800,2480,209,8,230,2904,6899,4950,28824,9803,2.926043048,170,275,28076,13,290,9902,5662,4964,4847,2444,1005,30.58160237,40222,30654,-9568,7542,Health Care,Retail Trade,Administration,Education,Accommodation and Food Service,1581,830,770,642,635,1783,Health Care,Retail Trade,Education,Accommodation and Food Service,Other Service,984,295,123,73,62,Chicago,Oak Lawn,Bedford Park,Schaumburg,Broadview,4643,70,61,54,53,Chicago,Oak Lawn,Harvey,Tinley Park,Calumet City,1114,21,16,16,15,8085.769075,16.8,18.9,35.7,7.22,2845.7,942,33.1,785.9,27.6,192.2,6.8,8,0.3,197.7,6.9,30.2,1.1,271.1,9.5,0,0,176.4,6.2,0,0,242.2,8.5,28684
Forest Glen,967.0810811,1027.297297,937.5990991,738.8468468,1366.486486,1765.576577,90884.46373,12781.25347,12152.58398,7210.788906,14529.07851,9880.852134,9209.251905,671.6002287,4648.226372,7146.154839,5873.606452,255.5483871,406,228,383,6.795612995,123.1126126,930.6441441,2910.932432,2008.40991,433805.188,237.3870968,734.9741935,4540.483871,1633.309677,1951.719766,385,1727.625806,3507.406452,1208.554839,317.5677419,8697.836672,6147.879045,939.6633282,1216.294299,367,27,360.2750385,5973.099099,829.7882883,341.8258065,18563.29122,6802.887387,2.724599799,13368.94915,2409.294299,300,2211.934515,273.1132512,4882.390601,2622.087057,3901.478428,4080.031587,1981.960709,1095.342835,42.05782784,18165,18508,343,8892,Health Care,Education,Retail Trade,Professional,Public Administration,1235,1045,832,712,669,4237,Health Care,Professional,Retail Trade,Accommodation and Food Service,Finance,1544,541,417,225,212,Chicago,Skokie,Evanston,Niles,Des Plaines,4786,238,209,133,118,Chicago,Skokie,Niles,Glenview,Lincolnwood,1813,136,68,63,55,16677.21929,35.1,21.4,56.4,46.73,2682.7,1376.6,51.3,31.1,1.2,100.3,3.7,9.9,0.4,54.2,2,162.3,6,60.6,2.3,0,0,867.5,32.3,0,0,20.3,0.8,18535.14561
Fuller Park,713.8421053,318.2631579,51,66.15789474,17.26315789,4.105263158,15979.40459,1795.850272,1324.474011,223.1861908,2319.02105,1127.690782,752.4529398,375.2378418,1191.330269,1594.156057,319.9219713,36.78644764,508.8747433,209.3408624,494.2320329,5.219139434,248.8947368,98.52631579,27.26315789,20.68421053,116392.7869,26.7761807,282.5728953,583.312115,701.4948665,1951.546153,510.9240246,407.301848,449.8932238,119.9425051,106.0944559,682.5104732,289.7548487,66.01784329,253.7377812,52,21,62,395.3684211,775.2631579,419.3264887,2994.659426,1170.631579,2.546197693,102.71218,176.4840962,2678,26.15593483,11.3072149,926.4057409,581.8487199,560.6105508,449.776571,400.352211,75.66563227,33.75742647,3420,2876,-544,754,Health Care,Education,Accommodation and Food Service,Administration,Retail Trade,159,86,67,66,59,1293,Manufacturing,Health Care,Wholesale Trade,Retail Trade,Accommodation and Food Service,426,249,244,163,103,Chicago,Evanston,Oak Brook,Rolling Meadows,Willow Springs,550,9,9,9,9,Chicago,Evanston,Tinley Park,Orland Park,Lansing,706,16,14,11,9,6105.147345,15.8,18.4,34.2,4.21,713,54.5,7.6,90.4,12.7,18.3,2.6,8,1.1,24.3,3.4,49.1,6.9,424.8,59.6,0,0,12.1,1.7,0,0,31.6,4.4,2980.659426
Gage Park,2677,3230,1905,827,620,146,38258.51047,21158,10258,1407,27915,18510,15138,3372,9405,10432,4804,58,2829,1851,827,5.717416378,1805,3165,326,6,178142.9379,86,849,3505,5992,1926.178905,1211,3709,3631,1073,808,14501,8536,2704,2776,370,115,156,5302,4103,1027,39492,9405,4.193939394,1872,35456,1745,400,19,14628,10017,7921,4695,1562,669,26.81900161,39193,39894,701,9748,Manufacturing,Administration,Retail Trade,Health Care,Accommodation and Food Service,1718,1149,1099,953,897,3852,Wholesale Trade,Administration,Retail Trade,Accommodation and Food Service,Manufacturing,1164,837,668,243,232,Chicago,Bedford Park,Cicero town,Bridgeview,Elk Grove Village,5329,241,158,105,100,Chicago,Oak Lawn,Burbank,Cicero town,Orland Park,1891,104,64,50,46,16215.92685,23.5,18.9,42.4,1.79,1683.7,853,50.7,138.1,8.2,149.7,8.9,12,0.7,96.4,5.7,160.2,9.5,197.2,11.7,0,0,54.6,3.2,0,0,22.6,1.3,39444
Garfield Ridge,2205,2663,2310,1863,1846,1041,60706.38933,23339,18837,4392,26939,17784,15780,2004,9155,12732,10271,324,620,592,897,5.936465917,1311,6803,1712,135,227734.0785,344,1702,9254,1432,1955.942584,837,2804,6465,1827,799,14961,11050,1395,2027,426,63,146,9961,1967,780,33894,11928,2.833081824,17953,13184,1933,628,196,8626,6296,7486,6412,3389,1685,38.20538188,36101,34513,-1588,13756,Manufacturing,Public Administration,Education,Health Care,Retail Trade,1569,1494,1470,1351,1181,12075,Transportation,Retail Trade,Accommodation and Food Service,Manufacturing,Administration,4852,1144,1049,973,897,Chicago,Bedford Park,Cicero town,Bridgeview,Berwyn,8408,243,178,158,125,Chicago,Oak Lawn,Burbank,Orland Park,Cicero town,5106,259,192,131,128,16673.73731,23.3,20.8,44.1,1.91,3715.5,1620.9,43.6,90.6,2.4,226.8,6.1,3.6,0.1,58.5,1.6,576.6,15.5,969.4,26.1,0,0,67.8,1.8,44.2,1.2,57,1.5,33793
Grand Boulevard,4387,1909,1391,866,771,554,30154.15419,14890,12519,3932,17427,11351,8574,2746,6076,12233,1184,741,939,3540,5803,5.171794872,567,1289,666,245,242225.5236,2268,2524,2758,4683,1956.651439,3240,3450,3811,1167,565,8093,4470,523,2746,270,84,202,2767,7111,2355,23151,9878,2.315448471,944,698,21091,60,358,6860,4978,5136,3266,2083,828,33.41924779,28006,21929,-6077,6736,Health Care,Education,Administration,Retail Trade,Public Administration,1256,1006,571,539,515,2224,Health Care,Accommodation and Food Service,Retail Trade,Education,Transportation,1036,227,192,171,107,Chicago,Evanston,Schaumburg,Rolling Meadows,Broadview,5298,62,45,44,38,Chicago,Oak Lawn,Dolton,Oak Park,South Holland,1503,29,21,21,20,9711.409626,21.1,17,38.2,17.27,1528.4,58.7,3.8,645.3,42.2,129.8,8.5,6.2,0.4,172.4,11.3,12.9,0.8,96.9,6.3,0,0,195.1,12.8,0,0,211.1,13.8,22872
Greater Grand Crossing,5580,3228,1970,879,621,327,29254.15489,20367,17002,3613,25053,14645,11270,3375,10408,16291,4770,236,4565,3118,3582,5.594145759,2073,2095,179,111,155684.9038,511,1616,4866,9298,1926.728813,3668,5598,4775,1349,901,10206,5328,840,3593,374,71,474,4458,8147,3686,32873,12605,2.570805236,324,451,31659,25,414,10133,5837,6088,6498,2770,1547,35.96533885,38619,32602,-6017,9395,Health Care,Education,Retail Trade,Administration,Accommodation and Food Service,1900,1156,887,885,732,3594,Health Care,Education,Administration,Retail Trade,Wholesale Trade,729,673,443,393,293,Chicago,Oak Lawn,Rolling Meadows,Bedford Park,Evanston,6243,88,69,64,56,Chicago,Calumet City,Dolton,Harvey,Oak Lawn,2367,35,31,30,28,10662.1671,17.8,18.1,35.9,1.27,2721.8,726.5,26.7,644.9,23.7,280,10.3,7.4,0.3,301.8,11.1,152.1,5.6,453.9,16.7,0,0,41.5,1.5,10.2,0.4,103.5,3.8,32405
Hegewisch,986.5982421,1027.823647,520.6669794,518.9684131,350.516205,297.9456652,45178.05814,6526.139568,5270.550225,1255.483893,7557.53702,4346.010706,3928.610605,417.4001013,3211.526313,4053.424676,2537.51423,100.2957855,597.2337088,370.3064182,185.0745342,5.804101893,1283.670996,1351.789755,74.68233667,30,153899.1909,245,737.492122,1772.146156,1298.786399,1956.152472,185.1926519,1207.239604,1753.956627,723.5111766,183.5246166,3701.019717,2653.099682,452.1353017,556.0089363,39.77579722,0,125.0562107,2740.143088,962.3760637,351.2815735,10202.47595,3702.519151,2.750148085,3990.567439,5189.618814,933,17.28970126,72,3096.507051,1827.064908,2107.994408,1741.809792,1011.22687,417.8729252,36.06140442,9781,9426,-355,3971,Public Administration,Health Care,Education,Manufacturing,Retail Trade,485,441,436,414,385,2085,Manufacturing,Wholesale Trade,Retail Trade,Transportation,Construction,773,421,249,148,135,Chicago,South Holland,Calumet City,Lansing,Elgin,1933,55,43,39,25,Chicago,Calumet City,Lansing,Dolton,Tinley Park,707,66,60,31,26,17061.71873,17.3,22.8,40.1,42.8,4446.8,704.6,15.8,29.8,0.7,88.5,2,20.4,0.5,19.7,0.4,704.2,15.8,599.9,13.5,0,0,422.9,9.5,940.2,21.1,916.8,20.6,10182.47595
Hermosa,1816,2319,1574,731,453,177,41201.41713,14747,8609,1078,18641,12902,11208,1694,5739,7922,2220,31,2616,2309,696,5.709335508,391,1532,1046,141,266238.2073,43,521,2365,4993,1918.537753,1211,3163,2496,693,359,10746,6383,1749,2089,443,82,252,3110,3960,852,25068,7070,3.542574257,1974,22612,196,111,175,8084,5827,5027,4265,1389,476,31.08108108,26908,25010,-1898,6985,Manufacturing,Health Care,Retail Trade,Accommodation and Food Service,Administration,1037,802,748,720,668,3599,Manufacturing,Construction,Retail Trade,Accommodation and Food Service,Other Service,2468,299,239,113,108,Chicago,Elk Grove Village,Franklin Park,Skokie,Des Plaines,4270,144,110,110,97,Chicago,Cicero town,Berwyn,Elmwood Park,Des Plaines,1883,128,66,52,29,14349.69149,26.9,17.8,44.7,1.54,998.9,239.2,23.9,283.2,28.4,108,10.8,0,0,35.9,3.6,256.6,25.7,37.4,3.7,0,0,38.5,3.9,0,0,0,0,25046
Humboldt Park,7263,4440,2679,1286,718,392,29778.33107,31709,20478,3419,40301,22120,18299,3821,18181,20482,4049,204,7510,5108,3601,5.54159699,1804,2587,1199,320,208475.5204,612,1617,4561,13692,1914.047546,5022,6542,6435,1503,980,17238,9346,1874,4235,1069,714,561,5910,10868,3704,54351,16778,3.224818214,3009,27823,22680,147,692,18271,13477,9882,8471,3424,826,28.8855796,65836,56323,-9513,16063,Health Care,Retail Trade,Manufacturing,Administration,Accommodation and Food Service,2450,1810,1786,1700,1572,8166,Manufacturing,Health Care,Retail Trade,Wholesale Trade,Administration,1491,1139,996,877,809,Chicago,Elk Grove Village,Des Plaines,Oak Park,Cicero town,9413,204,180,174,166,Chicago,Cicero town,Oak Park,Berwyn,Maywood,4647,136,103,100,100,10108.15624,22.4,17.4,39.8,4.5,2766.6,408.9,14.8,883.7,31.9,274.6,9.9,9.9,0.4,106.8,3.9,537.7,19.4,205.8,7.4,0,0,250.1,9,0,0,89.4,3.2,54106
Hyde Park,3664,2811,2345,1003,1087,1629,47980.73969,17610,16856,12243,23380,14826,13577,1249,8554,14824,744,971,139,1257,11713,4.552726086,999,1670,1226,774,259007.1728,166,1643,4442,8573,1925.592908,6853,3693,2581,1168,529,12427,3493,669,3757,4363,145,748,4669,7870,2285,26541,12539,1.897519738,12446,1578,8851,2847,819,5413,8841,4783,4104,2350,1050,32.16767583,29920,25681,-4239,10200,Education,Health Care,Professional,Accommodation and Food Service,Retail Trade,2956,1915,661,653,578,24429,Education,Health Care,Accommodation and Food Service,Retail Trade,Arts and Entertainment,12543,8090,862,841,528,Chicago,Evanston,Schaumburg,Oak Brook,Downers Grove,7948,112,70,51,43,Chicago,Oak Park,Evanston,Oak Lawn,Calumet City,15194,315,272,191,184,8285.145205,24.1,16,40.1,39.08,1629.1,196.6,12.1,377.1,23.1,50.7,3.1,37.5,2.3,231,14.2,0,0,58.5,3.6,0,0,624.6,38.3,43.1,2.6,10,0.6,23793
Irving Park,4237,5695,3305,2602,2241,2097,51154.86605,38872,30167,12656,44477,32547,29259,3253,11930,22525,5465,550,4961,4477,7072,5.420566396,959,3733,3434,1634,308797.2915,1571,1452,4500,15002,1914.32259,5342,9272,5144,1775,992,27258,16223,2968,6321,1457,289,1435,9760,10417,2348,56513,20177,2.773504485,24229,25449,1668,4004,1163,14245,15206,13067,9184,3652,1159,33.16336894,58643,53359,-5284,20791,Health Care,Retail Trade,Accommodation and Food Service,Education,Professional,2668,2048,1952,1896,1735,9214,Health Care,Wholesale Trade,Retail Trade,Manufacturing,Construction,1463,1339,1104,868,844,Chicago,Evanston,Skokie,Des Plaines,Elk Grove Village,13192,420,404,319,309,Chicago,Cicero town,Skokie,Des Plaines,Park Ridge,5403,121,102,83,82,13067.38751,27.5,17.5,45,2.08,2544.3,857,33.7,724.8,28.5,400.3,15.7,16,0.6,87.6,3.4,162.7,6.4,157.3,6.2,0,0,110.8,4.4,20.3,0.8,7.3,0.3,55961
Jefferson Park,2106,2182,1833,1307,1488,1027,59387.79739,18827,16297,5517,21485,14767,12930,1830,6718,10952,5183,102,2426,1457,1781,5.654753643,634,2876,2556,469,291083.7371,324,1405,4394,4829,1945.911675,1573,4406,3220,1300,453,12217,8877,1250,1727,310,53,355,6535,3408,1009,26771,9943,2.689731469,18075,5343,369,2518,466,6257,5545,5876,5387,2494,1212,38.7702381,25859,25448,-411,12546,Health Care,Retail Trade,Manufacturing,Public Administration,Education,1512,1294,1140,1107,1084,4559,Manufacturing,Accommodation and Food Service,Administration,Retail Trade,Health Care,919,568,545,466,426,Chicago,Skokie,Des Plaines,Elk Grove Village,Evanston,6321,342,224,216,195,Chicago,Park Ridge,Niles,Skokie,Des Plaines,2303,111,74,74,65,14704.84568,26.2,19,45.2,25.38,2376.9,1224.5,51.5,232.3,9.8,140.7,5.9,2.5,0.1,29.9,1.3,99.3,4.2,129,5.4,0,0,509.6,21.4,0,0,9.1,0.4,26744
Kenwood,3362,2100,1197,777,771,909,38263.10436,12666,11234,6140,14800,8988,7575,1413,5812,10635,785,773,274,907,7888,4.532198247,665,1025,526,639,270372.053,747,3153,3238,3497,1956.593839,3968,3601,1980,628,458,6927,2982,474,2778,628,65,388,2855,6261,1519,18180,9116,1.95831505,3159,749,12840,1065,367,3962,4693,3306,3474,2074,671,36.45,18363,17841,-522,6596,Education,Health Care,Administration,Public Administration,Retail Trade,1309,1231,474,470,468,1213,Real Estate,Retail Trade,Other Service,Health Care,Education,254,250,169,162,106,Chicago,Evanston,Naperville,Schaumburg,Oak Brook,4947,65,43,43,34,Chicago,Oak Lawn,Riverdale,Chicago Heights,Cicero town,822,9,8,7,7,9333.368557,23.9,16.8,40.6,19.61,1105.4,192.1,17.4,351.2,31.8,53.4,4.8,15.9,1.4,77.3,7,0,0,119.2,10.8,0,0,278.2,25.2,1,0.1,17.1,1.5,17852
Lake View,8944,9539,8626,6451,8214,10794,72383.44832,72670,70789,56461,87172,72420,68957,3434,14752,57908,3529,1663,3840,9102,39584,4.406083589,1222,5369,6832,6264,383268.4965,5526,11876,16296,24210,1952.839333,27278,18101,9108,2436,985,63926,21887,3792,32813,4487,947,4203,19687,32881,5340,96539,52568,1.827442551,77037,7268,3567,6661,2006,10515,50323,19585,9541,4715,1860,30.36853511,94817,94368,-449,53406,Professional,Finance,Health Care,Education,Accommodation and Food Service,9570,6471,5549,5254,4580,18383,Accommodation and Food Service,Retail Trade,Health Care,Other Service,Professional,5279,3205,2482,1539,1180,Chicago,Evanston,Skokie,Schaumburg,Oak Brook,39074,1452,583,564,553,Chicago,Evanston,Skokie,Cicero town,Berwyn,11854,327,264,122,110,7871.300935,31.4,14,45.4,4.42,2450.8,152.6,6.2,1168.9,47.7,336.8,13.7,33.3,1.4,255.1,10.4,33.9,1.4,111.4,4.5,0,0,316.4,12.9,29.6,1.2,13.1,0.5,96065
Lincoln Park,5854,4069,4157,3816,5257,9041,88213.56997,44220,42613,36348,56260,43583,41372,2211,12677,35919,3487,3509,2018,5275,21530,4.514463429,333,2639,4094,7596,520625.6958,2825,12536,5974,14584,1961.314657,15121,10425,6604,2419,1350,38286,14400,2122,16911,3673,1180,2589,14662,17532,3725,64631,32194,1.899763931,52663,4238,2731,3712,1287,10971,28137,12580,7957,3678,1308,30.17323944,64320,64116,-204,31523,Professional,Finance,Health Care,Education,Accommodation and Food Service,5847,4100,3346,2967,2277,24414,Health Care,Retail Trade,Accommodation and Food Service,Other Service,Transportation,6581,4629,3355,1650,1168,Chicago,Evanston,Oak Brook,Schaumburg,Skokie,22389,694,334,330,315,Chicago,Evanston,Skokie,Oak Park,Cicero town,14689,359,259,252,167,8296.013079,36.4,13.8,50.2,5.65,2539.3,254.4,10,1090.4,42.9,324.1,12.8,94.8,3.7,140.3,5.5,85.7,3.4,109.8,4.3,0,0,319.2,12.6,106,4.2,14.6,0.6,61161
Lincoln Square,3499,3721,3747,2375,2106,2174,60137.85846,30006,25989,16315,32805,25472,23356,2097,7333,19499,2533,465,2492,3691,10296,4.986182581,463,2409,2342,1806,352726.7455,1153,1300,6109,10937,1928.250937,7296,7147,3732,936,388,21799,11121,1647,7462,1264,305,1220,7020,10602,1877,38622,17622,2.157643854,24332,7483,1764,4015,1028,6798,12568,9219,6511,2711,815,33.96026012,44574,39493,-5081,19227,Health Care,Professional,Education,Accommodation and Food Service,Finance,2464,2271,2097,1818,1649,6487,Health Care,Accommodation and Food Service,Manufacturing,Retail Trade,Administration,1875,852,709,599,472,Chicago,Evanston,Skokie,Glenview,Des Plaines,13121,628,405,240,175,Chicago,Skokie,Evanston,Glenview,Des Plaines,3867,147,73,56,55,10686.62283,25.5,16.3,41.8,2.36,2210,361.9,16.4,928.7,42,224.5,10.2,2.6,0.1,468.9,21.2,87.2,3.9,6.9,0.3,0,0,93.2,4.2,27.7,1.3,8.4,0.4,38022
Logan Square,6605,7378,5058,2914,3757,3335,52184.50263,50373,42784,21949,59838.10945,44441.13096,40786.24041,3648.890552,15396.97848,32307,4628,841,7141,9219,10447,5.471699223,585,2758,4617,2846,368279.0653,2916,2374,3375,23642,1907.642183,7400,13353,8767,1828,959,38054,19490,2869,12395,2841,459,2118,10806,18241,3260,72925,29047,2.49416463,29951,35131,4710,1923,1210,16058,27177,16230,8718,3971,771,31.2328907,82715,72791,-9924,32596,Health Care,Professional,Accommodation and Food Service,Retail Trade,Education,3523,3330,3182,3089,2963,14306,Retail Trade,Manufacturing,Health Care,Accommodation and Food Service,Construction,3166,2155,1660,1453,894,Chicago,Evanston,Des Plaines,Elk Grove Village,Skokie,21024,430,388,354,352,Chicago,Cicero town,Skokie,Evanston,Berwyn,8126,224,158,124,122,11124.27647,27.3,16,43.3,4.04,2994.6,208,6.9,1600.2,53.4,417.7,13.9,48.4,1.6,92.7,3.1,303.5,10.1,144.8,4.8,0,0,99.5,3.3,63.4,2.1,16.4,0.5,72448
Lower West Side,4170,4071,2035,935,748,296,36210.0053,22500,13342,4002,28268,20836,17540,3296,7432,14323,1702,174,3731,4861,3855,4.832936744,509,1786,790,201,252958.0938,520,900,1727,11176,1903.438484,2921,6575,3704,650,473,16432,6956,2665,4730,1972,109,418,3286,8969,2068,36577,12255,2.974622603,4562,30053,1175,367,420,10165,11859,7204,4657,1841,851,28.71630267,44031,35769,-8262,10306,Manufacturing,Health Care,Administration,Education,Accommodation and Food Service,1282,1120,1070,1056,1054,15123,Health Care,Wholesale Trade,Manufacturing,Administration,Retail Trade,3578,2835,2088,1473,976,Chicago,Cicero town,Bolingbrook,Oak Brook,Schaumburg,7050,125,76,75,73,Chicago,Cicero town,Berwyn,Oak Lawn,Oak Park,8353,362,192,163,134,11377.12042,18.5,15.5,34,0.88,2348.6,20.6,0.9,443.5,18.9,188.2,8,1.3,0.1,92.1,3.9,825.9,35.2,544.2,23.2,0,0,38.6,1.6,147.3,6.3,46.9,2,36454
McKinley Park,1546,1487,1058,586,382,126,41510.77373,10320,6928,1463,12322,8327,7208,1119,3995,5709,1867,264,1809,1179,586,5.599934683,656,1547,667,47,221376.3841,475,453,887,3894,1912.572034,438,2261,2395,408,207,6923,3377,1310,1946,234,56,164,2917,2268,524,16434,5185,3.16219865,2978,10192,489,2641,134,5076,3863,3311,2905,820,459,31.92379583,15962,15612,-350,5149,Manufacturing,Accommodation and Food Service,Retail Trade,Health Care,Administration,675,663,528,520,438,4649,Administration,Wholesale Trade,Retail Trade,Manufacturing,Accommodation and Food Service,1145,975,886,458,201,Chicago,Bedford Park,Cicero town,Des Plaines,Elk Grove Village,3717,57,41,41,39,Chicago,Cicero town,Oak Lawn,Berwyn,Orland Park,2225,71,44,42,40,13271.86652,21.8,18,39.8,5.86,1017.7,190,18.7,167.5,16.5,91.6,9,12.7,1.2,39.2,3.8,287.5,28.2,86.9,8.5,0,0,91.4,9,20.5,2,30.6,3,16396
Montclare,1191.780069,1225.311569,826.9793814,487.65063,519.8270332,198.6311569,43075.71537,8384.629945,6411.407024,1522.358965,9792.632263,6316.321157,5447.296151,869.0250061,3476.311106,4877.515608,2292.306781,138.2271259,862.6146394,443.7438105,1112.751346,5.540339207,414.2256586,1467.22795,685.4180985,81,238414.9802,696.4908504,520.5844995,1945.335845,1715.104413,1951.237372,1090.293864,1680.85253,1359.912809,486.2927879,260.1636168,5163.058041,3550.601848,745.2029575,651.315342,63.71977819,152.2181146,66.41441774,2647.871707,1802.308133,428.0376749,12452.56229,4450.17984,2.769178914,4798.605176,6436.245841,526.5083179,553.5486137,137.6543438,3215.361922,2897.008133,2263.01146,2306.75305,1107.271719,663.1560074,35.70340449,12646,13426,780,4607,Manufacturing,Retail Trade,Health Care,Administration,Accommodation and Food Service,644,556,501,397,371,2062,Retail Trade,Health Care,Manufacturing,Accommodation and Food Service,Other Service,625,500,420,119,85,Chicago,Elk Grove Village,Skokie,Des Plaines,Melrose Park,2354,132,83,73,73,Chicago,Elmwood Park,Oak Park,Park Ridge,Berwyn,831,52,38,35,29,15138.49921,31.9,19.6,51.4,1.76,834.1,476.8,57.2,51.3,6.2,77.2,9.3,33.1,4,35.7,4.3,127.9,15.3,6.6,0.8,0,0,23.6,2.8,0,0,1.8,0.2,12323.34418
Morgan Park,1649.461538,1730.40293,1342.135531,1067.879121,1533.205128,696.025641,61351.47335,15419.5311,13759.8118,4951.85327,17867.11591,11165.78775,9478.041336,1677.746415,6701.328159,9115.195876,6579.360825,529.4639175,365.2164948,411.3092784,1162.845361,6.514738906,1731.223443,3281.344322,840,204.1465201,186443.9073,414.1546392,1266.474227,4771.56701,2663,1952.980473,705.7216495,2182.731959,3797.402062,2034.185567,395.1546392,8751.365231,6455.400319,503.2902711,1539.580542,180.8038278,72.29027113,474,6056.714286,1962.395604,1095.525773,22700.91707,8019.10989,2.780846923,7193.130782,520.2057416,14511.58054,124,352,5903.979266,3722.363636,4926.331738,4443.036683,2398.647528,1306.558214,40.55026106,25226,22544,-2682,8330,Education,Health Care,Public Administration,Retail Trade,Administration,1465,1255,1175,638,520,2683,Health Care,Retail Trade,Construction,Education,Accommodation and Food Service,779,701,243,201,178,Chicago,Oak Lawn,Evergreen Park,Blue Island,Orland Park,5621,126,97,89,74,Chicago,Blue Island,Oak Lawn,Evergreen Park,Orland Park,1201,85,71,50,44,16910.37664,23.8,21.7,45.5,3.93,2847.6,1991.3,69.9,79.8,2.8,137.8,4.8,18.7,0.7,240.8,8.5,106.9,3.8,103.8,3.6,0,0,86.6,3,0,0,81.9,2.9,22299.91707
Mount Greenwood,655,869,1039,1335,1652,1039,88697.95393,11933,11414,3841,14217,10043,9157,878,4174,7119,6273,59,79,80,628,6.311714286,473,3978,1383,139,248091.9869,197,974,5075,873,1953.836518,493,1739,3586,1121,180,8787,7349,637,569,213,19,194,5973,616,530,18475,6589,2.717711337,16318,937,937,169,114,5456,3075,4177,3621,1414,732,37.11685393,18820,19093,273,9340,Public Administration,Education,Health Care,Retail Trade,Accommodation and Food Service,2066,1435,1020,736,602,2887,Education,Retail Trade,Administration,Health Care,Accommodation and Food Service,1025,568,296,271,217,Chicago,Oak Lawn,Evergreen Park,Alsip,Orland Park,5301,320,241,151,111,Chicago,Oak Lawn,Evergreen Park,Orland Park,Tinley Park,1029,215,137,101,55,18947.43575,26.6,21.9,48.5,7.2,1943.9,1064.5,54.8,17,0.9,77.7,4,0.1,0,584.8,30.1,0,0,0,0,53,2.7,137.5,7.1,9.3,0.5,0,0,17907
Near North Side,9383,6410,8163,6167,7395,13240,80768.37636,66874,65212,51181,74967,54998,51159,3839,19969,61054,866,1774,370,1688,56265,3.747682519,715,5882,6567,9601,442008.0435,13935,23509,15266,8344,1977.217739,35347,17347,6927,1138,295,47179,13993,1424,12576,16079,3107,3521,22765,27993,10296,80516,50758,1.551124946,57777,4491,7625,8731,1892,7175,31879,14000,15131,9443,2888,35.92154612,72811,80484,7673,38971,Professional,Finance,Health Care,Education,Accommodation and Food Service,7601,5340,4206,3641,2479,146962,Accommodation and Food Service,Professional,Health Care,Retail Trade,Other Service,25781,20821,14665,14317,12984,Chicago,Evanston,Schaumburg,Oak Brook,Naperville,29380,702,373,372,323,Chicago,Evanston,Oak Park,Skokie,Berwyn,83257,1753,1697,1343,962,5871.700824,34.3,10,44.3,3.96,2196.7,98.9,4.5,558.7,25.4,266.6,12.1,211,9.6,171.1,7.8,182.8,8.3,244.5,11.1,0,0,224.8,10.2,155.2,7.1,83.1,3.8,78732
Near South Side,2161,2040,1758,1481,1774,2303,72033.2214,16211,15008,10896,17809,14057,13361,693,3752,13642,373,1390,24,168,11678,3.822115385,73,1698,2384,1556,370512.949,8608,2141,1175,1718,2000.849436,5466,6274,1727,145,30,11878,5514,988,3811,1282,283,955,5711,5806,2125,20245,11517,1.740817921,9143,1260,5585,3692,565,2900,7086,5215,3185,1512,347,35.19382322,9509,21390,11881,10805,Professional,Health Care,Education,Finance,Administration,1717,1421,1325,1271,663,13346,Arts and Entertainment,Health Care,Administration,Accommodation and Food Service,Other Service,4062,2706,1927,1581,602,Chicago,Evanston,Schaumburg,Naperville,Oak Brook,7685,149,97,84,80,Chicago,Oak Park,Oak Lawn,Cicero town,Berwyn,8969,113,102,91,84,13632.51095,36.7,13.3,49.9,9.27,1523.7,68.1,4.5,165.4,10.9,139.4,9.2,284.4,18.7,77.3,5.1,76,5,238.4,15.6,0,0,301.5,19.8,31.2,2,142,9.3,20049
Near West Side,6893,3191,3975,3160,4163,4283,67387.79872,37589,33996,23096,46974,33934,30243,3614,13040,29058,1671,2357,1801,3020,20146,4.050696469,522,3694,4417,1618,330622.5894,9860,7902,3372,7924,1984.049005,11840,10870,4884,1126,338,28453,11653,1926,7683,6653,538,1468,10251,15414,3393,54151,25665,1.958114163,22669,4795,17319,7976,1392,10418,22770,10357,7041,2707,858,31.03995157,46419,54881,8462,24630,Professional,Health Care,Education,Finance,Administration,3691,3395,2857,2680,1540,110158,Health Care,Finance,Education,Professional,Administration,19892,16112,13945,12948,8475,Chicago,Evanston,Naperville,Schaumburg,Oak Brook,16932,371,212,210,207,Chicago,Oak Park,Evanston,Berwyn,Cicero town,56499,1976,997,874,866,9977.680329,30.8,13.1,43.9,1.32,4188.6,176.7,4.2,616.6,14.7,397.5,9.5,219.1,5.2,706.5,16.9,843.9,20.1,807.1,19.3,0,0,72.5,1.7,63.9,1.5,284.8,6.8,50255
New City,4185.157895,3803.736842,1823,988.8421053,544.7368421,250.8947368,33097.76259,22849.14973,13351.52599,1734.813809,29804.97895,18777.30922,14446.54706,4330.762158,11027.66973,15852.84394,3518.078029,249.2135524,6040.125257,4367.659138,1627.767967,5.397686586,1896.105263,2530.473684,516.7368421,110.3157895,165347.1064,547.2238193,911.4271047,2825.687885,11568.50513,1907.832081,1532.075975,6396.698152,5746.106776,1494.057495,683.9055441,13534.48953,7165.245151,2231.982157,3223.262219,914,0,356,5053.631579,6542.736842,4260.673511,42036.34057,11596.36842,3.606072096,5746.28782,22494.5159,12647,547.8440652,600.6927851,15234.59426,10440.15128,8349.389449,5470.223429,2051.647789,490.3343677,27.13855616,51721,44377,-7344,10609,Manufacturing,Health Care,Retail Trade,Administration,Accommodation and Food Service,1425,1229,1123,1101,1069,11444,Manufacturing,Transportation,Wholesale Trade,Retail Trade,Other Service,4720,1327,1248,1125,779,Chicago,Bedford Park,Cicero town,Schaumburg,Des Plaines,7051,115,111,84,83,Chicago,Cicero town,Oak Lawn,Burbank,Berwyn,6340,185,146,142,82,12140.22616,19.5,18.5,38,5.16,3746.7,311,8.3,873.7,23.3,229.6,6.1,32,0.9,110.4,2.9,1334.3,35.6,477,12.7,0,0,207.5,5.5,10,0.3,161.4,4.3,41817.34057
North Center,1796,2251,2484,1738,2687,3768,86952.91657,24963,23829,17008,27490,22095,20929,1150,5395,16442,3920,572,3968,3739,4192,5.639809096,213,1091,2507,3947,507592.6449,2744,1300,1895,10503,1917.490146,3359,6454,4004,1765,860,19037,10592,1473,5540,1241,191,1681,7758,6966,1718,33418,14724,2.262564521,26348,4376,473,1392,829,6468,11680,8426,4343,1949,552,32.81588151,31895,31867,-28,17942,Professional,Health Care,Finance,Education,Retail Trade,2437,1965,1880,1754,1527,9875,Retail Trade,Finance,Manufacturing,Information,Accommodation and Food Service,1928,1667,997,951,864,Chicago,Evanston,Skokie,Des Plaines,Glenview,11332,382,230,183,179,Chicago,Skokie,Evanston,Berwyn,Des Plaines,5491,128,124,63,62,12993.49795,37.8,16.3,54.1,1.11,1636,267,16.3,772.8,47.2,210.6,12.9,17.1,1,95.5,5.8,141.3,8.6,10.6,0.6,0,0,35.5,2.2,55.5,3.4,30.3,1.9,33314
North Lawndale,5680,2474,1395,752,347,204,23387.64721,19318,13991,1911,25441,11796,9290,2506,13645,15066,1708,379,4033,5299,3596,5.690011223,1014,986,536,76,183281.8773,1180,1111,2357,10418,1911.584469,2105,5100,6117,1357,387,8766,4347,530,3213,346,330,318,2612,8240,4214,36074,10852,3.252488021,797,1800,33151,72,254,13702,7819,5846,5661,2178,868,26.9961044,41768,35912,-5856,9247,Health Care,Retail Trade,Administration,Education,Accommodation and Food Service,1903,1044,887,885,723,5760,Manufacturing,Health Care,Retail Trade,Wholesale Trade,Education,1271,1216,641,598,588,Chicago,Cicero town,Oak Park,Broadview,Melrose Park,6033,160,142,99,84,Chicago,Cicero town,Berwyn,Oak Park,Oak Lawn,3303,159,122,75,51,8904.858099,19.3,17.9,37.3,5.59,2206.4,84.5,3.8,860.3,39,174.9,7.9,22.2,1,134.1,6.1,348.7,15.8,159.7,7.2,0,0,198.4,9,9.6,0.4,214,9.7,35296
North Park,1857,1117,1090,838,820,714,54235.6875,12674,10853,5350,15132,9326,8401,925,5806,6970,2508,82,956,1089,2283,5.724009901,261,1121,1589,434,334874.5152,280,1251,3073,2366,1950.605482,1869,2069,1986,682,364,7813,5080,945,1106,532,150,424,3405,3031,534,18739,6436,2.814947172,9358,3428,314,5178,461,4904,3825,3814,3135,2142,919,36.78164117,18514,17931,-583,6529,Health Care,Education,Retail Trade,Accommodation and Food Service,Manufacturing,1092,715,665,568,541,4726,Manufacturing,Health Care,Retail Trade,Accommodation and Food Service,Finance,907,684,602,526,295,Chicago,Skokie,Evanston,Lincolnwood,Glenview,3628,212,159,111,99,Chicago,Skokie,Glenview,Northbrook,Des Plaines,2269,201,71,65,62,13855.27309,23.9,19.5,43.4,20.29,2420.4,1010.2,41.7,273.4,11.3,128.8,5.3,14.6,0.6,435.4,18,89.5,3.7,62.7,2.6,0,0,363.9,15,22,0.9,20,0.8,18117
Norwood Park,2291.566591,3044.914221,2448.556433,2373.544018,2509.8386,1869.442438,69430.39202,27325.46244,24166.6101,8457.908031,30402.08449,19772.87271,17980.55346,1786.319252,10629.21178,15513.05161,10798.48387,351.6774194,1186.474194,716,2413.416129,6.242503466,889.8916479,4295.346501,5356.405192,991.8453725,315036.9627,306.3677419,2057.554839,9789.758065,3359.370968,1953.387068,1569.793548,4806.990323,6669.190323,2004.977419,462.1,16939.44041,13341.89767,1505.720207,1769.161917,238.6606218,84,554,11533.48871,3004.373589,976.1677419,37328.91321,14537.8623,2.526353623,30024.92358,4924.734456,310.0660622,1707.189119,362,8051.427461,6060.30829,8167.586788,7678.805699,4357.90544,3012.879534,42.98812029,37543,37023,-520,17158,Health Care,Education,Public Administration,Retail Trade,Manufacturing,2232,1823,1802,1538,1313,13500,Health Care,Administration,Retail Trade,Finance,Accommodation and Food Service,8320,1330,683,597,559,Chicago,Des Plaines,Skokie,Niles,Park Ridge,9078,383,335,294,289,Chicago,Des Plaines,Skokie,Park Ridge,Mount Prospect,6435,372,336,279,236,14439.52855,26.3,20.6,46.9,15.92,3381.8,2235.7,66.1,150.7,4.5,117.1,3.5,51.6,1.5,250.5,7.4,59,1.7,166.1,4.9,0,0,347.8,10.3,0,0,3.4,0.1,36727.78109
O'Hare,1561.358852,1699.450957,952.8636364,1179.964115,542.1028708,191.9784689,44880.96179,10234.44068,9097.072316,3074.320904,11283.15706,7837.013917,7259.558648,566.4552684,3446.143141,6626.375566,772.1764706,39,330.5837104,383.7330317,5100.882353,4.627854847,951.5442584,1241.860048,492.4976077,130.5657895,186596.3243,307,2816.552036,3346.090498,156.7330317,1968.079611,1839.384615,3329.963801,1416.678733,25.34841629,15,6886.560452,5191.960452,646.6237288,692.3220339,107.9966102,247.6576271,242,2816.467703,3311.251196,492.8868778,13742.97627,6127.7189,2.240634157,10144.69831,1877.083616,191.9966102,1165.19774,364,2681.133333,4033.810169,2686.99209,2703.411299,1318.666667,318.9627119,35.57743216,11665,12756,1091,5185,Health Care,Manufacturing,Retail Trade,Administration,Accommodation and Food Service,556,476,467,415,409,50522,Transportation,Information,Accommodation and Food Service,Administration,Professional,30492,3072,3033,2727,2285,Chicago,Elk Grove Village,Des Plaines,Rosemont,Schaumburg,2538,158,120,114,96,Chicago,Schaumburg,Des Plaines,Arlington Heights,Mount Prospect,15264,1040,686,669,618,18316.10336,21.2,19.3,40.5,114.48,8744.4,223.8,2.6,189.1,2.2,77.7,0.9,172.7,2,128,1.5,196.6,2.2,5790.2,66.2,40.6,0.5,1481.6,16.9,145.5,1.7,298.5,3.4,13729.97627
Oakland,1585,446,246,121,164,181,21533.78409,3902,3185,960,4540,2962,2112,850,1578,3077,322,79,162,290,2224,4.469535783,97,277,114,124,226086.4348,1462,785,469,361,1990.173077,941,1195,743,102,96,1956,943,117,821,55,20,114,612,2131,334,6260,2743,2.278162596,180,229,5769,57,25,1993,1352,1281,957,534,143,31.63736264,6110,5918,-192,1985,Health Care,Education,Administration,Accommodation and Food Service,Retail Trade,374,283,186,167,166,278,Health Care,Construction,Real Estate,Education,Finance,153,63,48,10,2,Chicago,Bedford Park,Evanston,Oak Lawn,Oak Brook,1558,15,14,13,10,Chicago,Calumet City,Calumet Park,Oak Lawn,Chicago Heights,174,5,5,4,3,8821.181313,20.9,18.3,39.2,42.52,620.7,19.5,3.1,150.6,24.3,7.7,1.2,0,0,27.6,4.4,0,0,107.4,17.3,0,0,243,39.2,1,0.2,64,10.3,6249
Portage Park,4731,5863.391459,4472.071174,3075.743772,2908.6121,1450.72242,53847.0889,43614.53244,35192.75887,9891.549572,50612.87308,36325.19572,31697.35471,4585.841009,14287.67736,24833.4486,10089.97196,352,5799,4471.476636,4070,5.756535034,1067,6254.19573,4651.345196,699,279859.7219,605,2198.476636,7401.738318,14628.23364,1924.033092,4421.476636,8598.271028,7750.953271,2800.196262,1262.551402,30122.35863,19611.04162,4041.436965,5170.565483,1091.314565,208,920,12671.54093,9830,2331.476636,63613.58384,22501.54093,2.819210651,32424.35496,26387.22889,811,2715,1276,16198.388,13634.42717,14664.49816,12099.21909,5123.498164,1893.553244,36.47508212,65340,64124,-1216,24338,Health Care,Retail Trade,Manufacturing,Administration,Accommodation and Food Service,2947,2738,2648,2228,2087,10187,Administration,Health Care,Retail Trade,Accommodation and Food Service,Finance,2421,2196,1948,738,637,Chicago,Elk Grove Village,Skokie,Des Plaines,Evanston,13655,577,567,461,361,Chicago,Des Plaines,Park Ridge,Niles,Skokie,4937,165,145,127,123,14340.44709,26.1,18.4,44.5,1.35,3122.1,1781.1,57,495,15.9,372.5,11.9,11.5,0.4,147.6,4.7,105.5,3.4,116.8,3.7,0,0,86.5,2.8,0,0,5.7,0.2,63436.58384
Pullman,969,759,577,475,189,15,42938.80606,4944,4296,1000,5749,3719,2872,847,2030,3518,1053,1442,269,483,271,5.559855986,902,413,62,0,135090.3785,6,396,1673,1443,1947.791781,318,1602,1259,302,37,2671,1495,284,807,85,0,47,1377,1607,534,7262,2984,2.433646113,522,549,6131,39,21,1889,1464,1389,1421,770,329,38.29970326,8921,7325,-1596,2402,Health Care,Education,Administration,Retail Trade,Public Administration,443,381,213,200,190,1699,Manufacturing,Education,Wholesale Trade,Retail Trade,Construction,758,431,161,97,65,Chicago,South Holland,Rolling Meadows,Oak Lawn,Alsip,1584,26,23,22,19,Chicago,Lansing,Calumet City,Oak Lawn,Tinley Park,726,28,25,18,16,13170.90559,17.9,21,38.9,2.97,1764.7,276.2,15.6,33.6,1.9,31.2,1.8,24.7,1.4,124.3,7,520.1,29.5,452.9,25.7,0,0,21.8,1.2,16.2,0.9,263.8,14.9,7262
Riverdale,1570,461,184,107,0,0,14204.39034,3079,2233,238,4070,2194,1434,760,1876,3344,680,1766,86,170,642,5.153460381,299,0,0,0,89261.36885,150,389,2312,493,1947.456781,423,1266,1169,435,51,1333,592,107,497,131,6,73,299,2023,1022,6820,2322,2.915590009,0,136,6678,0,6,3136,1374,1209,594,407,100,22.38536585,9809,6482,-3327,1288,Health Care,Retail Trade,Administration,Transportation,Accommodation and Food Service,292,162,153,111,110,1315,Manufacturing,Utilities,Transportation,Wholesale Trade,Health Care,474,233,228,116,80,Chicago,Calumet City,Rolling Meadows,Lansing,Oak Brook,764,21,14,13,12,Chicago,Calumet City,Orland Park,Tinley Park,Lansing,313,44,36,28,27,10749.4188,13.1,22.3,35.4,38.88,2432.3,255.3,10.5,52.1,2.1,30.8,1.3,10.5,0.4,91.7,3.8,238.2,9.8,982.8,40.4,6.2,0.3,264.9,10.9,150.5,6.2,349.3,14.4,6770
Rogers Park,8092,6113,4026,1925,2580,1245,39269.40559,37621,30789,15195,47141,33271,30380,2881,13870,27912,1585,827,945,3479,21043,4.50802139,1110,4097,1159,629,223176.444,1192,2762,8102,15856,1927.136983,13500,9652,3391,826,543,28279,11299,2667,11559,2432,322,1708,6995,16986,3931,57559,23981,2.278011759,21819,14280,15662,3876,1922,13436,18372,12618,8805,3211,1117,32.0065822,63484,54991,-8493,22568,Health Care,Education,Accommodation and Food Service,Retail Trade,Professional,3569,2577,2237,2185,1968,9724,Education,Health Care,Manufacturing,Other Service,Retail Trade,3242,2125,1649,795,609,Chicago,Evanston,Skokie,Glenview,Northbrook,12601,1576,580,279,245,Chicago,Skokie,Evanston,Niles,Oak Park,5478,489,347,140,120,9897.423529,20.8,16,36.8,1.35,1384.2,260.4,18.8,679.1,49.1,169.3,12.2,23.5,1.7,110.9,8,55.2,4,8.2,0.6,0,0,76.5,5.5,0.1,0,1.1,0.1,54629
Roseland,5254,4476,2799,1416,1182,397,37967.11247,29655,24653,5102,36034,17935,14275,3629,18099,18311,10671,1304,2597,1557,2140,6.130220835,4944,3706,171,75,139950.7796,742,1100,9312,7157,1944.886308,1737,5945,6571,2692,1366,13540,8168,1299,3651,356,66,413,8896,6628,2787,45285,15524,2.872197887,503,357,43581,217,627,12843,7789,8577,8376,5720,1980,38.1231068,52723,44619,-8104,12265,Health Care,Education,Public Administration,Retail Trade,Administration,2390,1735,1140,1115,1045,3384,Health Care,Transportation,Information,Accommodation and Food Service,Retail Trade,1046,518,456,450,281,Chicago,Oak Lawn,Bedford Park,Rolling Meadows,Calumet City,8370,113,99,91,79,Chicago,Dolton,Calumet City,Oak Lawn,South Holland,1755,74,71,62,56,14232.76619,20.5,20.1,40.6,2.23,3889.3,2352.2,60.5,175.4,4.5,284.4,7.3,16.8,0.4,321.6,8.3,129,3.3,369,9.5,0,0,99.4,2.6,1.2,0,140.3,3.6,44588
South Chicago,4574,2995,1475,801,643,282,30559.4811,18358,13473,2765,21969,11913,9548,2347,10056,14460,4129,408,3683,3699,2518,5.718974076,2316,1964,192,0,144871,347,1793,4218,8102,1928.344853,2262,4991,5253,1465,489,8835,4698,1076,2623,286,152,443,4472,6298,3690,29458,10770,2.72367688,927,6962,21206,86,277,8981,5880,5812,4967,2916,902,33.66497462,38596,31198,-7398,8098,Health Care,Education,Retail Trade,Administration,Accommodation and Food Service,1590,924,805,714,613,2412,Health Care,Retail Trade,Accommodation and Food Service,Education,Other Service,1058,403,171,123,116,Chicago,Oak Brook,Oak Lawn,Calumet City,Rolling Meadows,5462,63,61,59,50,Chicago,Lansing,Calumet City,Dolton,Orland Park,1325,59,51,30,22,11900.93862,18.2,19.5,37.7,4.78,2498.5,731.7,29.3,457.3,18.3,208.4,8.3,7.5,0.3,89.5,3.6,65.8,2.6,36.9,1.5,0,0,149.4,6,74.8,3,677.1,27.1,29334
South Deering,2207,1288,983,500,295,59,32278.30531,10355,8180,1255,12586,6897,5772,1125,5689,5912,2649,1759,830,337,329,5.864794592,2211,900,17,0,114969.0061,52,504,3590,1766,1951.134653,534,2027,2653,546,152,5188,3212,827,1061,88,0,205,3128,2204,580,16445,5332,3.076706677,891,5198,10022,49,285,5069,3071,3348,2943,1604,410,35.32448378,16990,15109,-1881,4591,Health Care,Education,Retail Trade,Manufacturing,Administration,830,547,426,421,374,4698,Manufacturing,Wholesale Trade,Retail Trade,Administration,Transportation,2989,433,283,271,199,Chicago,South Holland,Oak Lawn,Lansing,Alsip,2909,61,53,51,43,Chicago,Calumet City,Lansing,Chicago Heights,Dolton,1127,118,76,63,54,14607.11303,18.3,21.1,39.5,33.81,7873.5,791.1,10,56,0.7,79.3,1,13.3,0.2,55.8,0.7,1725.1,21.9,1090.5,13.9,0,0,462,5.9,1565,19.9,2035.4,25.9,16405
South Lawndale,6382,5717,2498,1102,592,163,32837.37404,39881,18008,2320,52898,29169,24549,4603,23729,20747,3559,312,7339,6816,2721,4.993378669,2068,3068,721,58,171422.5535,184,743,4812,15008,1908.428605,2369,10532,6060,1110,676,23258,11465,5933,3758,1832,270,647,5915,10539,4293,70557,16454,3.773793606,3065,59370,7856,115,151,22850,21224,14607,7920,3051,905,27.53371869,91071,79288,-11783,15077,Manufacturing,Administration,Health Care,Retail Trade,Accommodation and Food Service,2904,1892,1545,1536,1469,12103,Manufacturing,Health Care,Transportation,Administration,Accommodation and Food Service,2313,2132,1885,1453,1121,Chicago,Cicero town,Bedford Park,Elk Grove Village,Melrose Park,8192,381,184,165,163,Chicago,Cicero town,Berwyn,Oak Lawn,Burbank,5985,374,213,147,95,13675.23853,19,18,37,0.98,3240.7,249,7.7,904,27.9,204.9,6.3,5.7,0.2,230.8,7.1,785.1,24.2,461,14.2,0,0,77.8,2.4,121.4,3.7,200.9,6.2,62094
South Shore,10022,6013,3456,1697,1340,492,30421.32802,33305,28671,7889,39839.69261,24725.40702,19838.26465,4887.142372,15114.28559,30241,3577,865,2430,6554,16785,4.964378734,2156,2695,633,191,181289.8983,943,3588,11960,13750,1943.098342,11877,10043,5966,1724,631,18574,9275,1476,6910,603,310,674,5675,17345,7221,50138,23020,2.141833189,762,843,47241,114,1178,13043,10318,10210,10349,4620,1598,37.05411906,61556,52010,-9546,15544,Health Care,Education,Administration,Retail Trade,Accommodation and Food Service,3227,1907,1389,1328,1250,4284,Health Care,Retail Trade,Administration,Accommodation and Food Service,Other Service,2229,689,227,218,199,Chicago,Evanston,Schaumburg,Oak Lawn,Oak Brook,11040,119,112,98,91,Chicago,Oak Lawn,Calumet City,Lansing,Harvey,2714,44,43,35,34,9378.505208,18.6,17.2,35.7,10.1,2111.7,536.3,25.4,752.8,35.6,195.2,9.2,25.2,1.2,88.3,4.2,30.3,1.4,104.3,4.9,0,0,348.8,16.5,0.2,0,30.2,1.4,49305
The Loop,2616,1813,2555,1833,2613,3127,79016.47872,19406,18802,15299,24854,17499,16495,993,7355,17582,153,186,147,122,16761,3.672664953,169,2346,2305,1437,340817.9551,6571,5591,1885,3535,1985.010865,10047,6035,1246,240,14,15590,4245,447,3395,6888,615,844,6257,8300,3025,26363,14557,1.616473174,16716,1452,3139,4362,694,3007,11971,4517,4842,1570,456,31.97234763,16388,29283,12895,14051,Professional,Finance,Health Care,Education,Administration,2602,1819,1558,1455,892,370833,Professional,Finance,Education,Public Administration,Administration,81336,70516,66161,37236,27648,Chicago,Evanston,Schaumburg,Oak Brook,Naperville,9537,200,145,133,119,Chicago,Oak Park,Evanston,Oak Lawn,Skokie,198140,4225,3702,2784,2640,6948.74358,38.1,10.9,49,10.1,1183.1,3.6,0.3,82.4,7,37.4,3.2,295.5,25,49.9,4.2,2.6,0.2,254.8,21.5,0,0,293.6,24.8,120.6,10.2,42.7,3.6,23531
Uptown,10540,5392,4157,3299,3265,2788,43513.89218,43905,38711,22831,48942,35284,32104,3148,13658,32444,1102,424,999,1931,27975,4.038510729,1227,4201,3186,876,276688.886,1990,4450,8024,17980,1929.320245,18038,9259,4343,428,376,29560,10903,1769,13793,2524,571,2134,9490,19951,3003,54995,29441,1.770388234,28769,7010,11062,6402,1752,7333,18207,14247,9540,3901,1767,36.38046544,63551,56362,-7189,23879,Health Care,Professional,Education,Accommodation and Food Service,Finance,3315,3114,2438,2376,2201,12081,Health Care,Education,Retail Trade,Finance,Accommodation and Food Service,5418,1254,944,933,751,Chicago,Evanston,Skokie,Schaumburg,Glenview,17426,828,403,231,215,Chicago,Skokie,Evanston,Des Plaines,Lincolnwood,8263,315,206,101,101,7101.174341,21.8,14.2,36,7.64,1772.1,66.5,3.8,685.5,38.7,161.1,9.1,7.3,0.4,284.8,16.1,21.8,1.2,112.4,6.3,0,0,419.4,23.7,7.7,0.4,5.7,0.3,52122
Washington Heights,2651,2969,1600,883,1018,187,41347.55652,17898,15438,3203,21070,11768,9320,2448,9302,10609,7688,171,809,824,1111,6.18928,3168,2704,321,61,149071.4353,145,953,6206,3305,1948.82565,867,2985,4796,1317,644,8765,5425,656,2506,118,60,153,6254,3054,1301,26021,9308,2.772238934,257,189,25390,2,183,6405,4234,4681,5297,3933,1471,42.8674189,29843,26493,-3350,8061,Health Care,Education,Public Administration,Retail Trade,Transportation,1622,1169,742,661,610,2030,Health Care,Retail Trade,Education,Accommodation and Food Service,Manufacturing,669,465,364,147,138,Chicago,Oak Lawn,Bedford Park,Alsip,Blue Island,5820,109,78,63,62,Chicago,South Holland,Dolton,Calumet City,Oak Lawn,1052,51,44,36,28,14124.40341,19.9,20.2,40.1,8.16,2624.9,1811.6,69,74.5,2.8,159.3,6.1,3.9,0.2,114.9,4.4,40.9,1.6,162.4,6.2,0,0,216.2,8.2,0,0,41.1,1.6,25804
Washington Park,2180,1014,410,311,168,59,22903.26538,6233,4650,931,7803,4664,3331,1333,3139,5627,351,231,414,1519,3101,5.281082888,279,424,70,60,178729.6895,426,1154,1759,2288,1947.209604,964,2090,1962,477,134,3135,1422,251,1366,72,24,43,833,3309,1485,11146,4142,2.669241912,20,132,10882,9,103,4082,2432,1852,1778,666,336,28.27950311,14146,11717,-2429,3313,Health Care,Education,Administration,Retail Trade,Accommodation and Food Service,715,337,333,332,277,500,Accommodation and Food Service,Education,Health Care,Manufacturing,Arts and Entertainment,84,82,67,52,51,Chicago,Evanston,Rolling Meadows,Bedford Park,Schaumburg,2135,35,26,25,22,Chicago,Oak Lawn,Burbank,Hazel Crest,Bridgeview,351,11,6,5,4,8536.211044,16.5,18,34.5,37.11,1342.7,15.1,1.1,450.3,33.5,84.6,6.3,5.2,0.4,118.8,8.8,34.5,2.6,127.6,9.5,0,0,349.7,26,20.3,1.5,136.7,10.2,11056
West Elsdon,1029.794643,1683.303571,956.9375,780.375,506,76.06696429,46535.32916,11426.73956,7203.510934,1379.451292,14112.77254,9456.205524,7874.965069,1581.240455,4656.567019,5345.461378,3541.256785,215.1002088,577.6638831,465.2651357,535.1753653,5.818187679,1078.441964,2170.678571,360.4553571,84.02678571,192538.608,233.125261,939.2797495,3250.878914,922.177453,1955.944937,439,1430.340292,2458.106472,657.0146138,361,7515.178926,4888.520875,1055.815109,1368.007952,176.8349901,26,54.89463221,3693.602679,1338.875,313.3382046,19005.64612,5032.477679,3.774412394,3376.93837,14826.12922,406.5308151,324.0477137,72,6079.083499,4458.588469,3874.407555,2859.161034,1148.848907,585.55666,31.48518188,15921,18109,2188,5805,Manufacturing,Retail Trade,Administration,Health Care,Accommodation and Food Service,933,584,564,563,540,2065,Retail Trade,Accommodation and Food Service,Manufacturing,Finance,Health Care,796,388,176,176,136,Chicago,Bedford Park,Cicero town,Alsip,Oak Brook,3387,146,81,78,55,Chicago,Cicero town,Burbank,Oak Lawn,Berwyn,929,34,32,31,23,16234.50409,25.5,19.6,45.1,0.94,970.2,592.8,61.1,38,3.9,61.5,6.3,2.1,0.2,22.2,2.3,61,6.3,170.6,17.6,0,0,17.1,1.8,0,0,4.9,0.5,18994.64612
West Englewood,4944,2972,1380,645,363,60,26450.92927,20619,15203,1423,26689,14055,9013,5042,12634,13716,7020,269,3963,1601,835,6.213856928,3464,1281,78,61,111623.5243,338,917,3071,9390,1912.304792,1280,3740,5234,2298,1164,8341,4057,818,3103,253,110,375,4884,5480,3352,35294,10364,3.381223466,429,904,33477,41,443,11656,7360,6431,5497,3381,969,31.53444394,45282,35505,-9777,10361,Health Care,Retail Trade,Administration,Accommodation and Food Service,Education,2086,1183,984,891,887,1503,Health Care,Retail Trade,Accommodation and Food Service,Manufacturing,Education,479,393,115,109,88,Chicago,Oak Lawn,Bedford Park,Bridgeview,Rolling Meadows,6034,100,90,78,76,Chicago,Bridgeview,Oak Lawn,Calumet City,Orland Park,790,18,18,14,14,10328.0783,20.3,19.4,39.7,5.61,2475,1193.3,48.2,479.1,19.4,192.2,7.8,1.8,0.1,78.2,3.2,64.7,2.6,215.9,8.7,0,0,148.7,6,0,0,101,4.1,35043
West Garfield Park,2900.814558,1394.140381,767.1923744,440,204,9,24502.29128,10234.92185,7725.510361,720.5115453,13459.27176,6624.069864,4916.26939,1707.800474,6835.201895,8019.056164,782.0479452,106.0082192,3251.228767,1814.250685,2051.520548,5.735730354,400.0537262,768.1091854,289.0121317,29.01559792,203098.5476,171.0561644,493.2671233,1332.19863,6022.534247,1905.909676,1761.228767,2138.393151,2950.350685,952.0780822,217.0054795,4673.027827,2383.686797,196,1717.265246,120.0757845,256,137.1752516,1486.190641,4228.956672,2304.149315,19384.86264,5715.147314,3.355445028,274.0994671,240.2510361,18771.25636,18,81.25577265,7264.452931,4242.454115,3487.885731,2716.008881,1351.468917,322.5920663,26.82280107,23019,18001,-5018,5161,Health Care,Retail Trade,Administration,Education,Transportation,1011,656,501,459,403,1853,Manufacturing,Retail Trade,Health Care,Accommodation and Food Service,Other Service,594,393,274,131,95,Chicago,Cicero town,Oak Park,Melrose Park,Broadview,3083,68,66,56,53,Chicago,Oak Park,Cicero town,Berwyn,Skokie,1117,32,30,22,22,8437.767559,20.6,17.7,38.3,0.42,1031,38.6,3.7,509.6,49.4,103.6,10.1,1.1,0.1,41.3,4,123.4,12,112.4,10.9,0,0,7.6,0.7,0,0,93.2,9,19176.86264
West Lawn,2022,2692,1895,1278,896,328,47702.35797,19424,12897,1761,23746,15176,13726,1450,8570,9729,7201,90,834,462,1132,6.148300971,1969,4769,323,7,180564.9446,457,1214,6733,1325,1954.559648,754,2465,4011,1661,838,13053,8908,2193,1625,298,29,377,7068,2043,618,32950,9111,3.614861157,5514,26078,1041,95,222,11185,7834,6733,4430,1570,1198,30.6690671,29235,33355,4120,10676,Manufacturing,Retail Trade,Health Care,Administration,Accommodation and Food Service,1658,1121,1118,1019,1000,6444,Manufacturing,Retail Trade,Education,Accommodation and Food Service,Health Care,1840,1734,723,516,380,Chicago,Bedford Park,Cicero town,Bridgeview,Oak Brook,6086,274,143,113,108,Chicago,Oak Lawn,Burbank,Cicero town,Tinley Park,2984,144,99,93,73,16044.88251,25.6,20.2,45.8,1.99,2430.2,1380.2,56.8,49.3,2,145.4,6,102.1,4.2,80.1,3.3,236.3,9.7,292.3,12,0,0,63.6,2.6,0,0,80.8,3.3,32935
West Pullman,3216.728782,2246.158672,1865.48524,993.6549816,724.7472325,319.0461255,39878.27664,18554.38472,14742.35728,2744.623775,22911.68748,12373.97073,9993.97714,2379.993588,10537.71675,11689.02712,8021.742373,243.0915254,2080,650.4474576,680.7457627,6.32313735,3726.112546,2019.97786,53.04612546,55,128539.7577,213.4135593,1375.691525,6504.820339,3595.101695,1952.981244,638.0576271,2842.847458,5448.810169,1826.844068,932.4677966,9353.67015,5476.03919,1045.502939,2552.128021,259,21,368,5854.136531,3511.684502,2322.610169,30770.79033,9365.821033,3.274864022,390.4813847,1388,28757.30895,0,235,10199.88112,5638.687133,5775.399739,5148.428478,3168.221424,840.1724363,32.99028425,36649,29651,-6998,9481,Health Care,Education,Retail Trade,Administration,Public Administration,1839,1069,1026,887,822,1062,Manufacturing,Retail Trade,Health Care,Wholesale Trade,Other Service,306,296,115,90,49,Chicago,Blue Island,Alsip,Oak Lawn,Bedford Park,5188,78,70,70,68,Chicago,Calumet City,Harvey,Orland Park,Tinley Park,369,22,18,18,18,15512.61962,21.1,21.4,42.5,2.04,2371.1,1487.2,62.7,90.6,3.8,150,6.3,1,0,103.1,4.3,71,3,115.1,4.9,0,0,60.6,2.6,33.8,1.4,258.7,10.9,30671.79033
West Ridge,6281,6941,4195,2626,2658,1701,45367.44011,48008,38045,17178,56255,35098,32006,3092,21157,27639,5398,1482,2934,6774,10969,5.507446656,3055,4314,3966,979,258492.9808,1043,2693,12303,11600,1947.298319,6171,9946,9125,1649,748,30222,18516,3784,5390,2129,403,1322,12314,12088,3237,73705,24402,2.960495041,31779,15260,7683,17078,1905,20730,15344,14679,13649,6611,2692,35.58021241,73199,71942,-1257,23969,Health Care,Retail Trade,Education,Accommodation and Food Service,Professional,4307,2552,2461,2203,1784,9662,Health Care,Retail Trade,Accommodation and Food Service,Professional,Other Service,4389,1326,1032,758,431,Chicago,Evanston,Skokie,Lincolnwood,Des Plaines,14046,1270,1190,335,315,Chicago,Skokie,Evanston,Niles,Lincolnwood,4954,446,196,134,126,13044.15408,24.5,18.1,42.6,3.36,2659,798.7,30,771.1,29,272,10.2,3.2,0.1,521.5,19.6,53,2,5.3,0.2,0,0,198.1,7.5,10.1,0.4,26,1,72242
West Town,7579,6493,6187,4619,6104,6750,69154.63441,63019,54964,37825,72899.89055,57593.86904,53758.75959,3770.109448,15306.02152,41776,4712,1800,6547,14351,14291,5.013363029,603,2666,7492,4481,401071.1928,7343,6416,6314,21703,1935.282311,8604,19239,10623,2549,761,49407,23306,2791,16725,5595,990,3366,15242,22490,4044,84948,37732,2.236006573,48721,24083,7106,3448,1590,14715,37011,18820,9237,3726,1439,31.31046512,87435,82236,-5199,39396,Professional,Health Care,Education,Accommodation and Food Service,Finance,5340,4439,3644,3608,3586,29307,Administration,Accommodation and Food Service,Health Care,Retail Trade,Other Service,5477,3515,3425,3374,2194,Chicago,Evanston,Oak Brook,Des Plaines,Skokie,27625,578,381,359,334,Chicago,Cicero town,Oak Park,Berwyn,Skokie,17490,365,284,283,268,10612.46921,30.4,14.6,45.1,3.12,3501,146.1,4.2,1503.7,43,560,16,1.1,0,219.3,6.3,298.1,8.5,368.3,10.5,0,0,253.7,7.2,96.4,2.8,54.2,1.5,84369
Woodlawn,4412,2244,1039,550,530,207,25796.21169,13478,11177,3077,17331.30739,10259.59298,7747.735352,2483.857628,7071.714407,12382,976,513,2304,3629,4946,5.366819372,733,913,351,40,204310.2586,937,2402,3853,5190,1946.908742,2896,3914,4293,965,314,7018,3063,660,2344,847,104,311,2037,6945,3400,21833,8982,2.313181919,1630,385,18927,515,376,6626,4884,4266,3630,1825,602,32.55596107,27086,23740,-3346,6873,Health Care,Education,Administration,Retail Trade,Accommodation and Food Service,1360,984,599,583,562,2121,Accommodation and Food Service,Education,Health Care,Other Service,Real Estate,473,411,264,245,242,Chicago,Schaumburg,Oak Lawn,Evanston,Oak Brook,4993,66,53,45,43,Chicago,Evanston,Harvey,Oak Lawn,Skokie,1534,18,17,17,16,9274.12205,19.1,17.1,36.2,24.78,2056.8,146.5,7.1,802.1,39,99.3,4.8,11.4,0.6,338,16.4,6.8,0.3,33.6,1.6,0,0,487.5,23.7,56.2,2.7,75.3,3.7,20777
