CCA,2000_POP,2010_POP,POP_CHANGE,TOT_EMP_RES,RES_NAICS1_TYPE,RES_NAICS2_TYPE,RES_NAICS3_TYPE,RES_NAICS4_TYPE,RES_NAICS5_TYPE,RES_NAICS1_COUNT,RES_NAICS2_COUNT,RES_NAICS3_COUNT,RES_NAICS4_COUNT,RES_NAICS5_COUNT,TOT_EMP_WORK,WORK_NAICS1_TYPE,WORK_NAICS2_TYPE,WORK_NAICS3_TYPE,WORK_NAICS4_TYPE,WORK_NAICS5_TYPE,WORK_NAICS1_COUNT,WORK_NAICS2_COUNT,WORK_NAICS3_COUNT,WORK_NAICS4_COUNT,WORK_NAICS5_COUNT,RES_CITY1_TYPE,RES_CITY2_TYPE,RES_CITY3_TYPE,RES_CITY4_TYPE,RES_CITY5_TYPE,RES_CITY1_COUNT,RES_CITY2_COUNT,RES_CITY3_COUNT,RES_CITY4_COUNT,RES_CITY5_COUNT,WORK_CITY1_TYPE,WORK_CITY2_TYPE,WORK_CITY3_TYPE,WORK_CITY4_TYPE,WORK_CITY5_TYPE,WORK_CITY1_COUNT,WORK_CITY2_COUNT,WORK_CITY3_COUNT,WORK_CITY4_COUNT,WORK_CITY5_COUNT,AVG_VMT,PARK_ACC,TOT_ACRES,SF,Sfperc,MF,Mfperc,MIX,MIXperc,COMM,COMMperc,INST,INSTperc,IND,INDperc,TRANS,TRANSperc,AG,Agperc,OPEN,OPENperc,VACANT,VACperc,TOT_POP,UND19,A20_34,A35_49,A50_64,A65_79,OV80,MED_AGE,WHITE,HISP,BLACK,ASIAN,OTHER,POP_HH,POP_16OV,IN_LBFRC,EMP,UNEMP,NOT_IN_LBFRC,WORK_AT_HOME,TOT_COMM,DROVE_AL,CARPOOL,TRANSIT,WALK_BIKE,COMM_OTHER,POP_25OV,HS,BACH,INC_LT_25K,INC_25_50K,INC_50_75K,INC_75_100K,INC_100_150K,INC_GT_150,MED_INC,TOT_HH,OWN_OCC_HU,RENT_OCC_HU,VAC_HU,HU_TOT,HU_SNG_DET,HU_SNG_ATT,HU_2UN,HU_3_4UN,HU_GT_5UN,MED_ROOMS,HA_AFT2000,HA_70_00,HA_40_70,HA_BEF1940,MED_HA,BR_0_1,BR_2,BR_3,BR_4,BR_5,HV_LT_150K,HV_150_300K,HV_300_500K,HV_GT_500K,MED_HV
Albany Park,57655,51542,-6113,16850,Health Care,Retail Trade,Accommodation and Food Service,Manufacturing,Education,2263,1783,1761,1564,1379,5163,Retail Trade,Health Care,Manufacturing,Administration,Education,1058,922,628,486,401,Chicago,Skokie,Evanston,Des Plaines,Elk Grove Village,9930,415,333,271,270,Chicago,Skokie,Des Plaines,Park Ridge,Evanston,2832,126,55,54,52,10678,0.482425578,1229.165404,303.4170426,24.68480171,295.0551528,24.00451167,34.16187549,2.779274082,75.53865496,6.145524006,54.35986013,4.422501639,19.92993761,1.621420319,414.7368117,33.7413346,0,0,25.29318133,2.05775246,6.672887139,0.542879511,54018,14769,15060,12305,7443,3201,1240,32.39945711,15392,27953,2147,7324,1202,52813,42355,30607,27198,3409,11748,1181,25508,12111,2595,9103,1513,186,35202,24844,9729,4367,3926,3032,2036,1739,1509,50085.24833,16609,6198,10411,1404,18013,3226,168,3305,3928,7347,5.365877081,793,1655,3822,11743,n/a,4504,7616,4409,1165,319,920,3048,1559,671,252041.9426
Archer Heights,12644,13393,749,4620,Manufacturing,Retail Trade,Administration,Accommodation and Food Service,Health Care,728,522,488,460,443,8404,Manufacturing,Transportation,Administration,Retail Trade,Wholesale Trade,2921,1787,1004,653,650,Chicago,Bedford Park,Cicero town,Bridgeview,Alsip,2585,100,58,51,39,Chicago,Cicero town,Oak Lawn,Burbank,Berwyn,3886,205,160,144,116,16297,2.295252369,1283.809214,168.603969,13.13310164,68.81167134,5.359960855,18.26305598,1.42256776,45.39025193,3.535591692,34.65081461,2.699062619,344.6775902,26.84803835,558.5992065,43.51107628,0,0,12.29543917,0.957731027,32.51721563,2.532869781,14106,4513,3415,2840,2068,921,350,30.41773013,2906,10708,205,203,84,14094,10374,6993,5830,1163,3381,94,5575,3315,1072,852,318,17,8344,5550,789,824,1279,784,363,386,166,43759.61538,3802,2280,1523,378,4180,2004,76,1138,718,183,5.569655725,12,745,1940,1483,n/a,290,1502,1669,431,288,485,1521,228,45,198606.9277
Armour Square,12032,13391,1359,4599,Accommodation and Food Service,Health Care,Retail Trade,Manufacturing,Administration,945,553,412,409,307,3872,Accommodation and Food Service,Administration,Health Care,Retail Trade,Manufacturing,1325,521,492,323,286,Chicago,Des Plaines,Cicero town,Elk Grove Village,Evanston,2974,46,36,34,34,Chicago,Oak Lawn,Orland Park,Skokie,Tinley Park,2900,37,28,26,23,7910,1.558752465,637.4266997,56.41081934,8.849773529,78.58521482,12.32851006,9.812171465,1.539341146,90.28909579,14.16462408,11.24932564,1.764803019,18.04605334,2.831078985,343.6483913,53.91182883,0,0,15.01924855,2.356231478,14.36637948,2.253808867,14176,2955,3080,2768,2849,1472,1052,41.29036561,1624,517,1670,9855,510,14168,11962,7511,6326,1185,4451,331,5855,2039,1483,1447,792,94,10044,6725,2193,2674,943,769,406,303,148,24101.0274,5244,1965,3278,478,5721,389,893,762,1161,2508,4.840924541,934,1983,1045,1760,n/a,1530,1707,1926,398,159,303,990,456,217,255531.6092
Ashburn,39584,41081,1497,15541,Health Care,Education,Public Administration,Retail Trade,Manufacturing,2202,2022,1827,1359,1337,7471,Public Administration,Retail Trade,Health Care,Utilities,Accommodation and Food Service,2573,1114,832,733,421,Chicago,Bedford Park,Oak Lawn,Alsip,Bridgeview,9673,312,244,143,143,Chicago,Oak Lawn,Tinley Park,Orland Park,Burbank,3292,154,89,81,73,17792,6.474023854,3109.75388,1267.913641,40.772154,40.08878115,1.289130352,10.0197072,0.322202579,132.4053476,4.257743626,147.2488758,4.735065265,104.5748047,3.36280004,1064.249375,34.22294548,0,0,259.8676675,8.356534875,83.38567988,2.681423775,42821,12864,8428,8940,8517,2849,1223,35.21601563,6814,14699,20940,156,212,42288,33035,21724,18983,2741,11311,275,18042,13524,2134,2099,214,71,26777,22143,5299,2192,2552,2481,2135,2488,979,67286.12167,12827,11060,1767,573,13400,11876,82,205,436,788,6.469570234,222,2184,10335,659,n/a,242,2279,7456,2593,830,3807,6663,572,18,171042.9897
Auburn Gresham,55928,48743,-7185,13475,Health Care,Education,Retail Trade,Administration,Transportation,2733,1708,1196,1183,1097,2701,Retail Trade,Accommodation and Food Service,Transportation,Health Care,Manufacturing,655,375,352,219,188,Chicago,Oak Lawn,Bedford Park,Rolling Meadows,Schaumburg,9648,130,111,95,91,Chicago,Oak Lawn,Calumet City,Orland Park,Evergreen Park,1678,40,33,26,24,9968,1.259252363,2411.97828,801.5894952,33.2336946,318.6968128,13.21308801,22.26967395,0.923294962,92.43688389,3.832409465,106.6254839,4.420665178,57.72949206,2.393449914,834.4356593,34.59548812,0,0,59.01160297,2.446605903,119.1831756,4.94130385,48934,14355,8680,9236,9002,5781,1880,37.54878315,127,653,47594,118,442,48847,38265,21283,15210,6047,16982,390,14488,8189,1056,4763,361,119,31365,25453,4010,7574,4401,2678,1412,870,380,29167.30769,17315,7800,9515,3311,20626,8529,593,4061,3859,3528,5.88,634,1692,8191,10109,n/a,3958,6593,6986,2192,897,4314,3187,266,33,137965.1163
Austin,117527,98514,-19013,31388,Health Care,Retail Trade,Administration,Education,Manufacturing,5925,3358,3036,2950,2384,15958,Health Care,Manufacturing,Retail Trade,Public Administration,Administration,4191,2403,2073,1349,939,Chicago,Oak Park,Melrose Park,Des Plaines,Schaumburg,17519,756,384,353,349,Chicago,Cicero town,Berwyn,Oak Park,Maywood,8331,357,231,215,129,10431,1.703290908,4574.26539,964.350138,21.0820767,795.1978621,17.38416542,62.58868716,1.368278441,231.1541003,5.053360061,184.0717346,4.02407204,502.8442191,10.99289561,1464.868582,32.02412753,0,0,199.7020962,4.365774155,169.4879709,3.705250055,97997,29912,20081,18864,18104,8444,2592,34.13799062,4456,9253,82991,446,851,96706,75051,41624,32238,9379,33427,870,30519,18516,2330,8499,645,529,60933,46016,6865,13086,8964,4450,2657,1954,948,31912.19614,32059,12753,19306,6130,38189,9650,609,11606,7367,8842,5.700568182,1086,3196,10580,23327,n/a,7798,13924,11379,3142,1946,3949,6909,1747,148,187469.5617
Avalon Park,11147,10185,-962,3317,Health Care,Education,Public Administration,Retail Trade,Administration,678,476,354,283,266,2417,Health Care,Construction,Retail Trade,Accommodation and Food Service,Finance,1334,298,230,220,103,Chicago,Evanston,Oak Lawn,Schaumburg,Oak Brook,2342,24,24,22,21,Chicago,Calumet City,South Holland,Lansing,Riverdale,1611,34,21,20,18,13331,2.526221468,800.1119601,304.540354,38.06221744,27.50519979,3.437668872,2.008937158,0.251082006,44.84282033,5.604568181,42.62792676,5.327745227,12.59788038,1.574514694,316.7689897,39.59058301,0,0,28.04818615,3.505532669,21.17166581,2.646087906,9925,2009,1981,1978,2070,1396,492,43.18785358,192,35,9596,43,60,9920,8268,5030,3942,1088,3237,150,3684,2225,412,980,39,28,7326,6603,1654,1214,934,491,508,617,163,45896.0177,3927,2614,1311,526,4451,2924,226,432,435,434,6.411717496,221,298,1985,1947,n/a,658,1094,1737,742,220,996,1435,115,68,166247.3795
Avondale,43083,39262,-3821,14324,Health Care,Accommodation and Food Service,Manufacturing,Retail Trade,Administration,1535,1529,1510,1474,1390,11898,Administration,Manufacturing,Retail Trade,Utilities,Accommodation and Food Service,3877,2256,1878,920,557,Chicago,Skokie,Evanston,Des Plaines,Elk Grove Village,8674,200,198,190,172,Chicago,Cicero town,Skokie,Melrose Park,Berwyn,5503,208,115,103,97,12721,0.208436848,1269.302494,160.794463,12.66793879,312.460994,24.61674782,34.21585093,2.695641984,100.0941485,7.885760013,24.98077249,1.968070859,135.1840403,10.65026193,478.8565799,37.72596227,0,0,8.819134561,0.694801641,13.89651014,1.094814688,40262,10277,12708,8544,5583,2503,647,31.58532828,11699,25639,794,1268,862,40204,31959,22247,20123,2124,9712,750,19095,10733,2041,4956,1101,264,26182,19682,6109,3310,4543,2542,1309,1274,729,44727.12238,13707,5411,8296,1495,15202,2552,537,4516,4521,2998,5.513439731,987,886,1780,11549,n/a,2674,7043,4062,888,535,626,2213,2286,286,293384.5391
Belmont Cragin,78144,78743,599,25062,Manufacturing,Retail Trade,Health Care,Administration,Accommodation and Food Service,4026,3012,2859,2561,2348,9217,Retail Trade,Administration,Manufacturing,Accommodation and Food Service,Health Care,2620,2087,993,924,574,Chicago,Elk Grove Village,Des Plaines,Skokie,Franklin Park,12606,660,456,391,341,Chicago,Cicero town,Berwyn,Skokie,Elmwood Park,4371,188,110,95,94,13137,0.85550637,2504.58795,716.3561768,28.6017577,379.1397907,15.13781102,49.18059872,1.963620352,242.493455,9.681970043,135.0271519,5.391192268,132.7862092,5.30171876,775.7019832,30.97124153,0,0,64.47552704,2.574296784,9.427057168,0.376391541,78229,25836,18674,16537,11230,4329,1623,30.73850937,11640,61488,3321,937,843,77932,57718,39538,33285,6253,18179,570,31724,20352,5388,4751,982,251,46205,28495,4976,5504,6927,4272,2045,2172,566,42490.18838,21485,10792,10694,2521,24006,8743,328,6159,5759,2910,5.601241976,861,1975,8070,13100,n/a,3580,9929,6841,1958,1699,2086,6550,2067,89,218117.7261
Beverly,21992,20034,-1958,10441,Education,Public Administration,Health Care,Retail Trade,Finance,1940,1529,1341,796,672,3702,Administration,Health Care,Retail Trade,Accommodation and Food Service,Education,761,701,446,431,416,Chicago,Evergreen Park,Oak Lawn,Blue Island,Oak Brook,6307,211,176,74,66,Chicago,Oak Lawn,Evergreen Park,Orland Park,Blue Island,1854,115,89,65,61,16986,11.79698832,2038.101903,1043.965831,51.22245505,58.82863718,2.886442385,10.10255934,0.495684702,66.50576275,3.263122548,43.94846432,2.156342833,0,0,548.9551807,26.93462873,0,0,257.9797647,12.65784426,7.815702824,0.383479492,21762,6303,2735,4818,4977,2219,710,41.40754597,12157,1304,7792,47,462,21739,16585,11195,10335,860,5390,529,9556,6760,668,1796,274,58,14495,14105,8099,717,1088,1273,1259,1643,1816,91282.7641,7796,6418,1378,497,8293,6486,132,432,137,1106,7.280157031,164,246,3773,4110,n/a,776,1494,3220,1995,808,692,2468,2363,895,302987.8049
Bridgeport,33694,31977,-1717,11805,Accommodation and Food Service,Health Care,Education,Retail Trade,Manufacturing,1681,1293,1078,1061,1059,5094,Manufacturing,Transportation,Accommodation and Food Service,Construction,Wholesale Trade,1820,435,421,413,385,Chicago,Des Plaines,Elk Grove Village,Evanston,Naperville,8557,103,94,73,73,Chicago,Cicero town,Berwyn,Oak Lawn,Burbank,2919,86,57,53,50,10963,1.29384985,1338.1945,238.0105981,17.7859495,225.290467,16.83540524,31.47252188,2.351864536,56.73188591,4.239434992,32.67399266,2.441647507,139.6054685,10.432375,491.0940713,36.69825807,0,0,43.52151267,3.25225613,79.79398245,5.962809025,32583,7760,8458,6391,6631,2424,919,35.18396753,10560,8980,753,11402,888,32550,26663,18538,15781,2757,8125,366,15051,8014,2305,3283,1280,169,21814,16632,5084,3699,3139,2054,1405,1080,664,42572.76507,12040,5637,6404,1753,13794,3864,513,3560,3587,2203,5.233277592,1539,1685,1816,8753,n/a,2129,5543,4456,1163,504,831,2567,1655,583,271205.3571
Brighton Park,44912,45368,456,11765,Manufacturing,Accommodation and Food Service,Retail Trade,Administration,Health Care,2078,1386,1268,1226,1080,5135,Manufacturing,Wholesale Trade,Administration,Retail Trade,Transportation,1174,941,868,756,360,Chicago,Bedford Park,Cicero town,Elk Grove Village,Bridgeview,6883,198,141,104,98,Chicago,Cicero town,Oak Lawn,Berwyn,Burbank,2816,122,90,62,59,13066,0.176141938,1742.265699,246.9997481,14.17692767,303.483701,17.41891039,27.30581295,1.567258826,79.59527452,4.568492311,37.81628462,2.170523396,275.2596348,15.79894702,705.4129841,40.48825528,0,0,8.008578121,0.459664569,58.38368123,3.351020527,43567,15194,10352,9508,5833,1968,712,29.22536232,3425,36267,744,3108,23,43469,31249,20315,17308,2994,10934,264,16476,10232,2551,2810,781,102,24699,13331,2074,3456,4609,1922,850,675,208,36517.27862,11720,5424,6296,2075,13795,3534,138,5866,3606,613,5.367422174,424,580,2768,10023,n/a,1117,5985,4875,1133,685,1900,3067,389,68,177386.3636
Burnside,3294,2916,-378,821,Health Care,Education,Retail Trade,Public Administration,Administration,170,97,84,79,68,642,Health Care,Manufacturing,Retail Trade,Other Service,Wholesale Trade,232,183,76,70,43,Chicago,Calumet City,Bedford Park,Arlington Heights,Bridgeview,586,8,7,6,6,Chicago,Dolton,Calumet City,Cicero town,South Holland,358,14,10,9,9,13235,2.556215667,390.1756487,67.86110364,17.39244975,14.22577233,3.645991844,1.649775154,0.422828836,14.6036981,3.742852264,7.372760182,1.889600288,118.2682688,30.31154538,128.98549,33.05831372,0,0,8.325256009,2.13372004,28.88352449,7.402697884,2837,913,424,379,650,315,156,38.35588235,18,0,2819,0,0,2837,2159,1049,839,210,1110,0,809,513,32,264,0,0,1761,1292,195,542,158,183,28,16,35,18685.56701,962,478,484,309,1271,630,32,245,149,205,5.646126761,213,184,429,445,n/a,289,285,463,182,52,366,99,13,0,122142.8571
Calumet Heights,15974,13812,-2162,4529,Health Care,Education,Public Administration,Retail Trade,Administration,780,750,490,356,336,2361,Health Care,Accommodation and Food Service,Retail Trade,Transportation,Other Service,1267,348,224,109,97,Chicago,Oak Lawn,Calumet City,Harvey,Lansing,3414,44,32,24,23,Chicago,Oak Lawn,Calumet City,Orland Park,Evergreen Park,1023,45,42,39,24,13627,1.348199429,1120.900755,436.4703,38.9392458,50.07999342,4.467834749,3.942903448,0.351762048,37.47278059,3.343095313,29.87128958,2.664936165,9.908695151,0.883993976,462.3443331,41.24757087,0,0,21.08344646,1.880937842,69.72701286,6.220623242,13854,3148,1579,3083,2756,2453,835,46.22395922,217,689,12829,13,106,13849,11402,6368,4979,1389,5034,150,4609,3058,404,1051,76,20,10087,9063,3008,1091,1376,1049,883,724,363,55702.47934,5486,4272,1214,609,6095,4555,151,629,451,264,6.453431373,148,376,4057,1514,n/a,343,1671,2817,1018,246,1579,2336,292,65,167191.358
Chatham,37275,31028,-6247,9549,Health Care,Education,Public Administration,Administration,Retail Trade,1987,1324,870,811,804,6035,Retail Trade,Education,Transportation,Finance,Health Care,1661,1393,768,656,459,Chicago,Oak Lawn,Rolling Meadows,Bedford Park,Evanston,7042,81,67,63,60,Chicago,South Holland,Calumet City,Dolton,Oak Lawn,3371,94,84,68,61,9995,1.25856841,1889.83011,528.613909,27.97150422,255.9515183,13.5436258,17.77335943,0.940473926,165.4829132,8.756496805,68.76871027,3.638883194,47.0302936,2.48859902,688.7540304,36.44528822,0,0,34.88748787,1.84606477,82.56788797,4.369064051,31924,8315,5824,6110,6755,3296,1623,39.67307692,169,126,31244,28,356,31892,25568,14991,11312,3679,10578,521,10409,5686,686,3820,143,74,21595,18715,5243,5746,3546,2196,1047,761,409,31976.0274,13705,5095,8612,3136,16843,5203,619,1699,3734,5568,5.367813268,357,1304,8371,6811,n/a,5133,5499,4653,1233,325,2562,2228,256,49,149395.1613
Chicago Lawn,61412,55628,-5784,15228,Health Care,Manufacturing,Administration,Retail Trade,Accommodation and Food Service,2365,1827,1624,1616,1297,6929,Retail Trade,Manufacturing,Health Care,Accommodation and Food Service,Other Service,1860,1840,1695,261,254,Chicago,Bedford Park,Cicero town,Oak Lawn,Oak Brook,9237,295,170,147,132,Chicago,Oak Lawn,Burbank,Orland Park,Tinley Park,3237,223,116,114,82,12000,4.843539983,2256.195093,675.1320093,29.92347654,254.8777575,11.29679602,34.36921975,1.523326589,105.5816126,4.679631338,65.49579962,2.90293157,54.55941635,2.418204726,708.2770539,31.39254474,0,0,308.4210747,13.66996479,49.48114892,2.193123683,55598,20652,12016,10803,8366,2992,769,29.02461283,1934,24409,28451,448,356,55349,39411,23703,19041,4655,15708,550,17954,10573,3170,3675,491,45,30769,21206,2826,5602,5075,2362,1428,883,236,33981.25509,15586,6992,8594,3340,18926,8223,200,3995,3135,3335,5.829510366,316,1849,10670,6091,n/a,3362,5858,6514,2046,1146,3998,2730,198,66,134824.6675
Clearing,22331,23139,808,10010,Manufacturing,Public Administration,Education,Health Care,Retail Trade,1111,1090,1047,1006,969,3075,Manufacturing,Wholesale Trade,Professional,Accommodation and Food Service,Retail Trade,797,488,395,258,245,Chicago,Bedford Park,Cicero town,Bridgeview,Oak Lawn,5389,245,108,105,95,Chicago,Oak Lawn,Burbank,Orland Park,Bridgeview,1200,95,66,63,39,15157,1.627991412,1633.27543,515.7183198,31.57571039,76.67303684,4.694433983,11.23025145,0.687590791,44.63556165,2.732886372,19.76116492,1.209910132,133.6198616,8.181097879,782.3026309,47.89777746,0,0,32.78988298,2.007615027,16.54472025,1.012977967,23399,6245,5558,4489,4145,1868,1094,34.65722834,12250,10554,147,300,148,23389,18204,12878,11513,1365,5326,152,11085,7637,1408,1484,498,58,15769,13030,2795,1746,1725,1766,1303,1403,419,57734.20479,8362,6255,2107,760,9122,5405,561,486,820,1829,5.794824399,325,1973,5754,1070,n/a,935,2481,4283,1072,351,1508,4242,449,56,196587.7915
Douglas,26470,18238,-8232,5953,Health Care,Education,Administration,Public Administration,Retail Trade,1099,926,459,453,427,23876,Public Administration,Education,Health Care,Administration,Accommodation and Food Service,17096,2172,1183,687,649,Chicago,Evanston,Schaumburg,Oak Brook,Rolling Meadows,4557,59,35,31,31,Chicago,Oak Park,Evanston,Oak Lawn,Calumet City,21174,112,83,72,52,11047,5.069477417,1049.129881,69.73264622,6.646712429,161.7658946,15.4190532,3.566561911,0.339954278,53.6071738,5.109679435,199.9092811,19.05476954,0.811401883,0.077340461,309.2617729,29.47793008,0,0,142.5824326,13.59054156,107.8927164,10.28401901,19074,4056,5759,3378,3202,1768,911,33.79700405,2279,508,13583,2452,252,16519,16466,9522,7630,1892,6944,323,7025,3312,475,2249,943,46,12191,10477,4753,3902,1925,1610,669,553,327,33574.76636,8986,1700,7286,1601,10587,666,725,270,477,8425,3.93825441,1039,2605,5420,1523,n/a,5225,3060,1559,627,116,490,625,433,152,226022.3048
Dunning,42164,41932,-232,18354,Health Care,Retail Trade,Manufacturing,Education,Public Administration,2148,2029,1961,1626,1539,6268,Health Care,Retail Trade,Administration,Education,Manufacturing,1417,900,860,819,585,Chicago,Elk Grove Village,Des Plaines,Skokie,Franklin Park,9361,456,329,306,258,Chicago,Elmwood Park,Harwood Heights,Des Plaines,Cicero town,3557,81,68,66,64,14526,1.795772057,2378.223495,1013.498011,42.61575976,134.9948337,5.676288793,22.03000252,0.926321793,68.53168611,2.88163355,390.1737675,16.4061018,29.32490843,1.233059403,641.3454779,26.9674183,0.085958485,0.003614399,73.38541411,3.08572404,4.853435074,0.204078174,42405,9126,9476,8474,9370,4058,1901,40.32713289,29642,10439,463,1471,390,42260,35404,24138,21591,2547,11266,191,20938,16319,2078,1879,484,178,30482,25736,6722,3081,3353,2971,2373,2497,897,60369.97319,15172,11281,3891,1070,16242,10542,636,1351,1011,2640,5.935622318,758,3133,7997,4354,n/a,1788,5820,5836,2068,730,1276,7000,2839,166,237288.3025
East Garfield Park,20881,20567,-314,6011,Health Care,Retail Trade,Education,Administration,Accommodation and Food Service,1115,670,609,591,466,2431,Health Care,Administration,Manufacturing,Construction,Wholesale Trade,720,356,252,225,117,Chicago,Oak Park,Melrose Park,Des Plaines,Broadview,3949,81,60,57,55,Chicago,Oak Park,Berwyn,Cicero town,Skokie,1423,35,23,23,22,8764,7.87497127,1236.993489,58.22217529,4.706748726,212.834396,17.20578143,9.440127786,0.763150968,41.3825363,3.345412621,75.73882387,6.122815079,76.82779453,6.21084874,409.9241273,33.13874575,0,0,182.8339024,14.78050645,169.7896056,13.72599024,20696,7207,4515,3795,3234,1401,545,30.07557389,712,518,19240,81,146,19983,15034,7402,5879,1498,7632,267,5542,3259,244,1632,268,140,11802,9321,1612,3431,1507,816,597,322,226,25196.93654,6899,1795,5104,1847,8746,1157,383,2218,2592,2392,5.574557087,920,1237,971,5618,n/a,1938,2562,3008,908,331,702,880,173,40,184882.4786
East Side,23653,23042,-611,7270,Manufacturing,Health Care,Education,Retail Trade,Administration,1053,933,697,683,645,1264,Administration,Retail Trade,Transportation,Accommodation and Food Service,Health Care,251,224,172,164,92,Chicago,South Holland,Lansing,Calumet City,Harvey,4064,117,110,92,67,Chicago,Lansing,Calumet City,South Holland,Oak Lawn,563,28,22,17,12,17325,8.164206433,1907.353119,466.5220215,24.45913223,80.61552939,4.226565525,11.13576959,0.583833663,38.84450871,2.036566188,88.34349728,4.631732655,116.2214356,6.093336069,791.1367683,41.47825383,0,0,191.5231655,10.04130612,123.0104236,6.449273726,23494,7813,5007,4744,3571,1608,750,31.64746601,4146,18557,581,116,94,23484,16954,10592,8835,1758,6361,171,8429,5722,1557,835,315,0,14098,9910,1743,1826,2010,1301,696,626,310,43198.92473,6769,4663,2106,988,7757,4752,210,1759,858,166,6.11515282,72,737,3701,3247,n/a,354,2236,3773,956,437,2885,1557,210,12,130410.1839
Edgewater,62198,56521,-5677,24923,Health Care,Education,Professional,Accommodation and Food Service,Finance,3503,2917,2861,2597,2005,9351,Health Care,Accommodation and Food Service,Retail Trade,Professional,Other Service,3314,1467,1177,581,520,Chicago,Evanston,Skokie,Northbrook,Glenview,17061,1103,454,276,261,Chicago,Skokie,Evanston,Morton Grove,Lincolnwood,5965,260,136,92,80,6724,1.27005272,1109.972072,147.5494054,13.29307368,356.2291811,32.09352649,23.50825623,2.117914208,78.44762837,7.067531726,63.72437228,5.741078885,6.569768369,0.591885916,347.9023435,31.34334206,0,0,80.36423885,7.240203681,5.676878398,0.511443354,55548,8625,16929,13397,10139,4571,1887,37.19270308,29695,9455,7390,6953,2055,52758,49527,34826,31378,3448,14701,1703,29213,10678,2151,13202,2531,651,42587,38577,23039,8406,7285,4792,3113,2836,2307,44299.35012,28739,11079,17660,3379,32118,2134,358,2164,2739,24710,4.140813008,1056,5970,10771,14321,n/a,17965,8641,4218,872,422,2311,4919,2325,1524,232843.1373
Edison Park,11328,11187,-141,5370,Education,Health Care,Public Administration,Retail Trade,Professional,677,657,593,471,400,2723,Administration,Professional,Health Care,Accommodation and Food Service,Manufacturing,1029,345,242,201,150,Chicago,Park Ridge,Niles,Evanston,Skokie,2746,185,156,130,123,Chicago,Park Ridge,Des Plaines,Niles,Skokie,1232,91,63,32,29,13794,1.8859474,726.272722,379.043268,52.19021127,39.67530166,5.462865458,6.920404989,0.952865884,23.64640901,3.255858067,10.75110784,1.480312769,9.081325659,1.250401589,236.6137761,32.57919084,0,0,20.23258069,2.785810354,0.308548035,0.04248377,10735,2151,1931,2516,2335,1085,716,42.97847913,9692,683,0,256,104,10730,8893,5992,5552,440,2901,240,5240,3954,320,630,299,37,8124,7518,3307,569,870,659,803,860,770,80230.38605,4532,3692,839,341,4872,3342,51,85,217,1178,5.984257871,181,564,2872,1256,n/a,512,1613,1699,768,281,196,1364,1708,424,327579.5564
Englewood,40222,30654,-9568,7542,Health Care,Retail Trade,Administration,Education,Accommodation and Food Service,1581,830,770,642,635,1783,Health Care,Retail Trade,Education,Accommodation and Food Service,Other Service,984,295,123,73,62,Chicago,Oak Lawn,Bedford Park,Schaumburg,Broadview,4643,70,61,54,53,Chicago,Oak Lawn,Harvey,Tinley Park,Calumet City,1114,21,16,16,15,7315,1.11561644,1966.314639,258.6081504,13.15192112,318.0742048,16.17616013,14.44962405,0.734858184,45.73708946,2.326031071,163.898962,8.335337525,11.6046536,0.590172771,720.45136,36.63967839,0,0,43.64904472,2.219840297,389.8415503,19.8260005,28361,9411,6208,4544,4965,2264,969,30.95780201,188,308,27426,22,417,28224,20904,10241,6603,3588,10663,336,6168,3133,536,2299,179,21,16383,11792,943,5739,2000,1097,359,223,100,19168.25095,9518,2925,6593,4977,14495,3331,347,5275,2337,3194,5.744417178,592,1991,4718,7194,n/a,2606,4610,4892,1495,892,2000,821,91,13,113112.7451
Forest Glen,18165,18508,343,8892,Health Care,Education,Retail Trade,Professional,Public Administration,1235,1045,832,712,669,4237,Health Care,Professional,Retail Trade,Accommodation and Food Service,Finance,1544,541,417,225,212,Chicago,Skokie,Evanston,Niles,Des Plaines,4786,238,209,133,118,Chicago,Skokie,Niles,Glenview,Lincolnwood,1813,136,68,63,55,15847,26.32218832,2046.171968,822.1521591,40.18001283,33.18275514,1.621699235,6.030420939,0.29471721,47.32798843,2.313001506,42.83622127,2.093480995,10.52526143,0.51438792,609.9879883,29.81117902,0,0,467.2462128,22.83513899,6.882960401,0.336382304,18732,4975,2566,3766,4272,1967,1186,42.53075035,13751,2214,153,2359,254,18703,14568,9750,9115,636,4818,433,8528,6124,895,1105,358,47,12804,12203,7508,887,1034,897,802,1382,1745,92331.67082,6746,5998,750,407,7155,5843,287,392,234,399,6.887620192,206,611,4844,1494,n/a,343,1606,3737,1125,344,223,990,2782,2001,418627.451
Fuller Park,3420,2876,-544,754,Health Care,Education,Accommodation and Food Service,Administration,Retail Trade,159,86,67,66,59,1293,Manufacturing,Health Care,Wholesale Trade,Retail Trade,Accommodation and Food Service,426,249,244,163,103,Chicago,Evanston,Oak Brook,Rolling Meadows,Willow Springs,550,9,9,9,9,Chicago,Evanston,Tinley Park,Orland Park,Lansing,706,16,14,11,9,5607,3.598379828,457.2264586,28.175227,6.162203974,28.5592556,6.24619487,3.970976726,0.868492331,14.49331306,3.169832539,18.78483376,4.108431043,36.53074945,7.989640311,263.3553565,57.59845074,0,0,11.25372789,2.461302857,52.1030186,11.39545134,2867,751,567,456,536,473,85,38.47454545,79,228,2534,15,11,2854,2288,1114,725,388,1174,60,659,305,50,227,56,21,1896,1353,185,705,281,73,75,37,15,16965.64885,1186,405,784,413,1603,336,55,503,195,502,5.170926518,27,223,655,698,n/a,550,415,408,131,99,308,37,23,34,106166.6667
Gage Park,39193,39894,701,9748,Manufacturing,Administration,Retail Trade,Health Care,Accommodation and Food Service,1718,1149,1099,953,897,3852,Wholesale Trade,Administration,Retail Trade,Accommodation and Food Service,Manufacturing,1164,837,668,243,232,Chicago,Bedford Park,Cicero town,Bridgeview,Elk Grove Village,5329,241,158,105,100,Chicago,Oak Lawn,Burbank,Cicero town,Orland Park,1891,104,64,50,46,15110,1.30871361,1406.913252,409.0939022,29.07740769,155.5935161,11.05921178,18.5011768,1.315019016,63.42243295,4.507913537,70.04885912,4.978903924,150.6192322,10.70565168,491.320014,34.92184136,0,0,25.2941829,1.797849502,23.01993587,1.63620151,39580,14512,10060,8359,4531,1632,486,27.67160804,1627,35998,1545,365,45,39530,27966,19066,15457,3609,8900,268,14595,8154,3178,2801,375,87,21526,10843,1212,2577,3588,1698,888,520,122,37321.42857,9393,5179,4214,1075,10468,4863,55,2630,2061,832,5.66858679,104,937,4033,5394,n/a,1252,3709,3626,1201,680,2301,2720,158,0,158993.1421
Garfield Ridge,36101,34513,-1588,13756,Manufacturing,Public Administration,Education,Health Care,Retail Trade,1569,1494,1470,1351,1181,12075,Transportation,Retail Trade,Accommodation and Food Service,Manufacturing,Administration,4852,1144,1049,973,897,Chicago,Bedford Park,Cicero town,Bridgeview,Berwyn,8408,243,178,158,125,Chicago,Oak Lawn,Burbank,Orland Park,Cicero town,5106,259,192,131,128,16173,1.345309055,2706.41069,1033.300914,38.17975291,95.16380635,3.516236716,15.06253634,0.556550283,102.231991,3.777401242,56.43537572,2.085248035,116.5902518,4.307929031,1206.1236,44.56543143,0,0,42.37232689,1.565628123,39.12988746,1.445822233,34672,8705,6573,7678,6712,3391,1613,39.01281337,17700,14368,1770,600,234,34524,28047,18258,15945,2313,9789,156,15220,11304,1452,1950,457,57,23889,19402,4782,2105,2505,2476,1874,1841,1060,62946.80111,11861,9684,2190,804,12678,10387,281,538,629,830,5.942902639,408,1835,9031,1404,n/a,809,2665,6709,1657,838,1608,6695,1290,87,214217.033
Grand Boulevard,28006,21929,-6077,6736,Health Care,Education,Administration,Retail Trade,Public Administration,1256,1006,571,539,515,2224,Health Care,Accommodation and Food Service,Retail Trade,Education,Transportation,1036,227,192,171,107,Chicago,Evanston,Schaumburg,Rolling Meadows,Broadview,5298,62,45,44,38,Chicago,Oak Lawn,Dolton,Oak Park,South Holland,1503,29,21,21,20,8870,1.134130161,1113.239144,58.9639495,5.296611227,252.1315623,22.64846359,7.655942814,0.687717716,43.93141092,3.94626897,112.2790303,10.08579611,8.173371927,0.734197317,379.5324391,34.09262431,0,0,22.49331548,2.020528616,228.078122,20.48779215,22386,6355,4386,5156,3577,2209,703,36.2010846,957,631,20257,100,441,22107,17357,10807,8018,2754,6550,149,7604,4561,431,2404,155,53,14810,12400,3816,4392,1977,1400,890,675,531,30523.25581,9865,2695,7241,2373,12309,1096,734,897,3394,6148,5.141348089,2418,2671,2805,4415,n/a,3265,3529,3802,1216,497,659,1312,590,134,228747.3233
Greater Grand Crossing,38619,32602,-6017,9395,Health Care,Education,Retail Trade,Administration,Accommodation and Food Service,1900,1156,887,885,732,3594,Health Care,Education,Administration,Retail Trade,Wholesale Trade,729,673,443,393,293,Chicago,Oak Lawn,Rolling Meadows,Bedford Park,Evanston,6243,88,69,64,56,Chicago,Calumet City,Dolton,Harvey,Oak Lawn,2367,35,31,30,28,9602,0.980198541,2269.365548,376.8101484,16.60420679,330.6837061,14.57163683,21.85781801,0.963168672,88.05895109,3.880333477,253.3688968,11.16474589,43.00068524,1.894832909,991.7031925,43.69957908,0,0,33.559291,1.478796178,130.3228593,5.742700174,32804,10635,5766,6099,6391,2417,1496,35.002476,392,577,31348,37,450,32307,24538,14316,10845,3471,10222,361,9974,5346,754,3459,388,27,19836,16740,3362,5612,2911,1745,849,630,348,27865.13158,12095,4227,7868,3934,16029,4664,263,4572,2841,3672,5.586128414,436,1494,4825,9274,n/a,3532,5614,4777,1349,757,2255,1748,144,80,141617.2986
Hegewisch,9781,9426,-355,3971,Public Administration,Health Care,Education,Manufacturing,Retail Trade,485,441,436,414,385,2085,Manufacturing,Wholesale Trade,Retail Trade,Transportation,Construction,773,421,249,148,135,Chicago,South Holland,Calumet City,Lansing,Elgin,1933,55,43,39,25,Chicago,Calumet City,Lansing,Dolton,Tinley Park,707,66,60,31,26,15981,47.16968852,3350.925697,374.8906649,11.18767465,33.89231755,1.011431485,6.957145629,0.207618618,47.39048728,1.414250615,17.41752732,0.519782558,307.467339,9.175594053,1550.756118,46.27843939,0,0,475.4473145,14.18853647,536.7067832,16.01667216,9854,2661,1945,1901,1956,976,416,37.20055788,4002,5079,686,20,67,9835,7577,4473,4035,437,3105,87,3887,2659,493,671,64,0,6606,5342,1333,950,894,613,506,388,258,48177.57009,3609,2694,915,364,3973,2546,41,624,350,167,5.776633523,177,716,1780,1300,n/a,217,1114,1899,611,133,1406,1183,76,28,146517.8571
Hermosa,26908,25010,-1898,6985,Manufacturing,Health Care,Retail Trade,Accommodation and Food Service,Administration,1037,802,748,720,668,3599,Manufacturing,Construction,Retail Trade,Accommodation and Food Service,Other Service,2468,299,239,113,108,Chicago,Elk Grove Village,Franklin Park,Skokie,Des Plaines,4270,144,110,110,97,Chicago,Cicero town,Berwyn,Elmwood Park,Des Plaines,1883,128,66,52,29,12490,0.639123172,748.4432924,167.3631058,22.36149452,146.0269609,19.51075818,14.26011286,1.905303048,26.64481567,3.560031327,18.92923861,2.529148007,110.8723899,14.81373285,246.993516,33.00096594,0,0,14.86225776,1.985756023,2.490894852,0.332810098,25265,8036,6225,5053,3978,1502,471,31.00368652,1842,22750,332,149,192,25247,18653,12989,11176,1813,5664,335,10678,6617,1470,2007,510,74,14898,8605,1160,1939,2282,1393,637,509,188,38477.40668,6948,2820,4128,864,7812,2090,24,2503,2377,780,5.70203252,83,465,2267,4997,n/a,1180,3135,2454,676,367,568,1708,515,29,217574.2574
Humboldt Park,65836,56323,-9513,16063,Health Care,Retail Trade,Manufacturing,Administration,Accommodation and Food Service,2450,1810,1786,1700,1572,8166,Manufacturing,Health Care,Retail Trade,Wholesale Trade,Administration,1491,1139,996,877,809,Chicago,Elk Grove Village,Des Plaines,Oak Park,Cicero town,9413,204,180,174,166,Chicago,Cicero town,Oak Park,Berwyn,Maywood,4647,136,103,100,100,9961,0.325004941,2306.732746,284.2900231,12.32435893,430.5469468,18.66479537,39.28661765,1.703128276,142.6205634,6.182795282,99.87196692,4.329585518,328.4734673,14.23977129,831.8028964,36.0597862,0,0,11.01037994,0.477314936,138.8298847,6.018464208,52788,17213,13151,9986,8141,3447,850,30.2483979,2852,27886,21481,104,465,52500,39386,21651,17930,3721,17735,482,16947,9307,1730,3867,1153,890,31233,20933,3460,6774,4626,2414,1375,721,394,30580.13766,16304,6013,10291,3592,19896,4043,173,7058,5084,3528,5.570872947,719,1644,3549,13984,n/a,4344,6752,6366,1525,909,2215,2532,1009,257,182039.6146
Hyde Park,29920,25681,-4239,10200,Education,Health Care,Professional,Accommodation and Food Service,Retail Trade,2956,1915,661,653,578,24429,Education,Health Care,Accommodation and Food Service,Retail Trade,Arts and Entertainment,12543,8090,862,841,528,Chicago,Evanston,Schaumburg,Oak Brook,Downers Grove,7948,112,70,51,43,Chicago,Oak Park,Evanston,Oak Lawn,Calumet City,15194,315,272,191,184,8018,9.218327828,1032.12418,98.02233249,9.497145246,178.7925081,17.322771,6.447770428,0.624708785,35.4138644,3.431163138,173.1291726,16.7740642,0,0,254.9267671,24.69923407,0,0,278.7624296,27.0086134,6.629335198,0.642300154,26831,5591,8922,4849,3964,2367,1138,32.3355031,12561,1324,8888,3204,854,24149,23527,14559,13227,1320,8968,822,11998,3453,645,3662,4069,169,17671,16944,12460,3772,2724,2324,1062,1203,1473,47864.17323,12558,4587,7971,2151,14709,690,1009,135,1207,11653,4.478776088,172,1877,3941,8719,n/a,6903,3529,2716,1133,428,1122,1572,1124,769,253212.6168
Irving Park,58643,53359,-5284,20791,Health Care,Retail Trade,Accommodation and Food Service,Education,Professional,2668,2048,1952,1896,1735,9214,Health Care,Wholesale Trade,Retail Trade,Manufacturing,Construction,1463,1339,1104,868,844,Chicago,Evanston,Skokie,Des Plaines,Elk Grove Village,13192,420,404,319,309,Chicago,Cicero town,Skokie,Des Plaines,Park Ridge,5403,121,102,83,82,12029,1.717191878,2057.202497,512.8052186,24.92730878,402.9779782,19.58863937,46.29683003,2.250475104,104.7321831,5.091000194,71.89344758,3.494719051,69.98453762,3.401927507,743.2954267,36.13136907,0,0,94.56849689,4.596946437,10.64837817,0.517614488,56841,14952,14540,13760,9002,3589,998,33.94208174,23748,26387,1536,3984,1186,56344,44258,31868,28509,3339,12390,1394,26798,15745,2816,6699,1327,211,38424,30141,12882,4501,6122,3017,2319,2251,2092,48078.1759,20302,9485,10817,2058,22360,5477,499,4734,4683,6967,5.441475827,1592,1490,4373,14905,n/a,5252,9123,5303,1740,942,1080,3887,3082,1436,291098.3347
Jefferson Park,25859,25448,-411,12546,Health Care,Retail Trade,Manufacturing,Public Administration,Education,1512,1294,1140,1107,1084,4559,Manufacturing,Accommodation and Food Service,Administration,Retail Trade,Health Care,919,568,545,466,426,Chicago,Skokie,Des Plaines,Elk Grove Village,Evanston,6321,342,224,216,195,Chicago,Park Ridge,Niles,Skokie,Des Plaines,2303,111,74,74,65,13854,5.201462914,1489.174041,500.916546,33.63720641,175.388197,11.77754864,10.18391644,0.683863414,50.58310834,3.396722408,28.12247173,1.88846105,53.30808337,3.579708073,525.5160686,35.28909678,0,0,133.448309,8.961229871,11.70734058,0.786163353,27212,6399,5267,6335,5266,2788,1157,39.65068493,18061,5682,344,2689,436,27185,21802,14635,12779,1856,7167,431,12170,8897,1204,1684,325,60,19291,16817,5845,2056,2244,1557,1263,1727,1062,60412.17672,9909,6439,3470,1031,10940,5189,114,2486,1711,1424,5.645083102,356,1383,4311,4890,n/a,1617,4164,3442,1180,537,585,3120,2394,340,283987.467
Kenwood,18363,17841,-522,6596,Education,Health Care,Administration,Public Administration,Retail Trade,1309,1231,474,470,468,1213,Real Estate,Retail Trade,Other Service,Health Care,Education,254,250,169,162,106,Chicago,Evanston,Naperville,Schaumburg,Oak Brook,4947,65,43,43,34,Chicago,Oak Lawn,Riverdale,Chicago Heights,Cicero town,822,9,8,7,7,8749,5.849047991,664.4173746,134.2074976,20.19927575,127.6456559,19.21166736,0.459896648,0.069218035,25.92640076,3.902125645,54.66220066,8.227087784,0.607838776,0.091484479,190.6891238,28.70020127,0,0,110.2455752,16.59281943,19.97318521,3.006120245,18021,3806,4714,3093,3535,2072,801,37.08632813,3204,745,12552,1155,365,17671,14752,8956,7563,1393,5796,449,6856,3089,442,2634,592,99,12552,11176,6466,3368,2124,1152,813,810,878,37056.45161,9145,2659,6486,1419,10564,710,646,176,857,8162,4.470791566,791,3538,3114,3121,n/a,4049,3615,1882,661,357,646,981,449,583,261956.5217
Lake View,94817,94368,-449,53406,Professional,Finance,Health Care,Education,Accommodation and Food Service,9570,6471,5549,5254,4580,18383,Accommodation and Food Service,Retail Trade,Health Care,Other Service,Professional,5279,3205,2482,1539,1180,Chicago,Evanston,Skokie,Schaumburg,Oak Brook,39074,1452,583,564,553,Chicago,Evanston,Skokie,Cicero town,Berwyn,11854,327,264,122,110,7225,1.926511268,1989.756326,209.8899158,10.54852361,643.6362166,32.34748939,88.55389854,4.450489608,126.1475646,6.339849907,97.72843863,4.911578234,17.25573846,0.867228727,627.8382369,31.55352384,0,0,170.249128,8.556280271,8.457188854,0.42503641,96541,10607,50274,19032,10018,4872,1738,30.55735821,77336,7294,3245,6310,2356,96103,87064,72560,68982,3487,14504,4230,64039,21857,3702,33041,4512,927,73111,71306,57080,9104,9250,8333,6281,8319,11057,73364.38704,52344,19360,32984,5320,57664,3587,1555,3783,8899,39630,4.412085345,5290,11739,15720,24915,n/a,27159,18066,8796,2665,978,1416,5690,6373,5881,370270.2703
Lincoln Park,64320,64116,-204,31523,Professional,Finance,Health Care,Education,Accommodation and Food Service,5847,4100,3346,2967,2277,24414,Health Care,Retail Trade,Accommodation and Food Service,Other Service,Transportation,6581,4629,3355,1650,1168,Chicago,Evanston,Oak Brook,Schaumburg,Skokie,22389,694,334,330,315,Chicago,Evanston,Skokie,Oak Park,Cicero town,14689,359,259,252,167,7760,5.872814977,2023.634107,298.6402217,14.7576195,375.7000915,18.56561372,62.03328394,3.065439731,248.9878864,12.30399732,108.5799559,5.365592303,48.76278213,2.409663978,585.9583239,28.95574461,0,0,264.537823,13.07241373,30.43373895,1.503915102,65889,11459,29136,12028,7797,4088,1381,29.7271455,53706,4665,2766,3330,1422,62259,57314,44320,41964,2356,12994,2740,38685,14449,2024,17023,4009,1180,45456,43892,37308,5815,4202,4405,3501,5389,9000,87382.17652,32312,14077,18235,3543,35855,3363,3353,1803,5567,21664,4.528458162,2889,12270,6051,14645,n/a,15079,10925,6283,2299,1269,440,2708,3998,6931,494291.025
Lincoln Square,44574,39493,-5081,19227,Health Care,Professional,Education,Accommodation and Food Service,Finance,2464,2271,2097,1818,1649,6487,Health Care,Accommodation and Food Service,Manufacturing,Retail Trade,Administration,1875,852,709,599,472,Chicago,Evanston,Skokie,Glenview,Des Plaines,13121,628,405,240,175,Chicago,Skokie,Evanston,Glenview,Des Plaines,3867,147,73,56,55,9777,1.809048207,1638.030616,221.0638557,13.49570963,350.1925895,21.37887937,34.85355811,2.12777208,61.18140704,3.735058822,387.7455879,23.67144936,41.54282718,2.536144732,458.0243439,27.96189151,0,0,80.01606469,4.884894329,3.410382376,0.208200161,38667,6432,12669,9067,6624,3048,827,35.31497097,24949,6333,1793,4513,1079,38083,33132,25435,23343,2065,7697,1223,21791,11054,1550,7509,1445,233,30366,26665,17360,3464,3889,3250,2231,2376,2456,61121.27548,17666,7133,10533,1707,19373,2684,479,2506,3662,10021,5.047843992,1206,1405,6032,10730,n/a,6868,7190,3814,1014,487,594,2329,2431,1779,353759.3985
Logan Square,82715,72791,-9924,32596,Health Care,Professional,Accommodation and Food Service,Retail Trade,Education,3523,3330,3182,3089,2963,14306,Retail Trade,Manufacturing,Health Care,Accommodation and Food Service,Construction,3166,2155,1660,1453,894,Chicago,Evanston,Des Plaines,Elk Grove Village,Skokie,21024,430,388,354,352,Chicago,Cicero town,Skokie,Evanston,Berwyn,8126,224,158,124,122,9881,0.554996884,2297.014851,275.3052858,11.98535071,622.865224,27.11629068,76.3084064,3.322068482,189.5467076,8.251871227,72.05607669,3.13694431,129.785009,5.650159768,860.2277771,37.44981346,0,0,41.43578622,1.803897184,29.48457867,1.283604181,73002,16445,26635,16984,8541,3555,842,31.64537102,30632,34770,4286,2103,1211,72529,59461,43723,40360,3363,15738,2355,37448,18927,2841,12350,2889,441,50379,43868,22183,7094,6733,5035,3043,3463,3698,53148.97413,29066,10790,18276,3020,32086,4828,910,6946,9023,10348,5.452754469,2908,2485,3409,23284,n/a,7106,13442,8745,1756,1037,790,3424,4066,2510,344166.0434
Lower West Side,44031,35769,-8262,10306,Manufacturing,Health Care,Administration,Education,Accommodation and Food Service,1282,1120,1070,1056,1054,15123,Health Care,Wholesale Trade,Manufacturing,Administration,Retail Trade,3578,2835,2088,1473,976,Chicago,Cicero town,Bolingbrook,Oak Brook,Schaumburg,7050,125,76,75,73,Chicago,Cicero town,Berwyn,Oak Lawn,Oak Park,8353,362,192,163,134,10046,0.834707402,1872.1545,63.72316389,3.403734248,224.8666243,12.0111147,52.88803204,2.824982235,71.15373573,3.800633747,98.2351856,5.247173008,468.46552,25.02280234,789.9847756,42.19655886,0,0,35.93565388,1.919481212,66.90180903,3.573519655,35353,9800,11035,7185,4535,1925,873,30.03312893,4385,28835,1349,379,405,35231,27340,19760,16586,3174,7580,398,15601,6942,2213,4528,1815,103,22142,13488,4433,4003,3923,2041,971,769,290,35689.75904,11997,3224,8773,1972,13969,1695,185,3473,4674,3942,4.789132119,686,818,1527,10938,n/a,2885,6687,3482,573,342,620,1760,716,128,228961.7486
McKinley Park,15962,15612,-350,5149,Manufacturing,Accommodation and Food Service,Retail Trade,Health Care,Administration,675,663,528,520,438,4649,Administration,Wholesale Trade,Retail Trade,Manufacturing,Accommodation and Food Service,1145,975,886,458,201,Chicago,Bedford Park,Cicero town,Des Plaines,Elk Grove Village,3717,57,41,41,39,Chicago,Cicero town,Oak Lawn,Berwyn,Orland Park,2225,71,44,42,40,12739,4.601544395,905.2331805,119.6360979,13.21605311,107.5280736,11.87849451,12.39077726,1.368793978,60.70343429,6.705833988,24.77638172,2.737016523,175.5001969,19.38729166,301.507438,33.30715715,0,0,73.64789795,8.135793024,29.54288285,3.263566061,16538,5118,3873,3219,3016,855,457,32.47019231,2987,10026,473,2852,200,16502,12377,8183,7004,1179,4194,171,6702,3384,1284,1689,302,43,10429,7241,1542,1541,1459,1092,486,382,182,41618.85246,5142,2832,2310,538,5680,1715,290,1912,1143,596,5.598137536,365,397,952,3966,n/a,498,2226,2360,356,240,640,1596,543,53,211512.605
Montclare,12646,13426,780,4607,Manufacturing,Retail Trade,Health Care,Administration,Accommodation and Food Service,644,556,501,397,371,2062,Retail Trade,Health Care,Manufacturing,Accommodation and Food Service,Other Service,625,500,420,119,85,Chicago,Elk Grove Village,Skokie,Des Plaines,Melrose Park,2354,132,83,73,73,Chicago,Elmwood Park,Oak Park,Park Ridge,Berwyn,831,52,38,35,29,13325,0.815786352,633.0694217,249.9898621,39.48853847,63.4212269,10.01805248,5.958817487,0.941258144,54.54164065,8.615428069,28.52741971,4.506207176,18.84138736,2.976196088,193.1698486,30.51321735,0,0,10.45545381,1.651549333,8.163765038,1.289552892,12333,2953,2892,2524,2431,1104,429,37.48477918,4405,6352,521,913,142,12218,9997,6652,5690,962,3346,67,5343,3675,709,583,122,254,8377,6478,1530,1095,1289,807,491,492,201,43738.73874,4376,2578,1797,550,4926,2238,110,935,585,1036,5.510300429,670,447,2035,1774,n/a,1047,1867,1399,365,247,418,1570,542,48,225813.7432
Morgan Park,25226,22544,-2682,8330,Education,Health Care,Public Administration,Retail Trade,Administration,1465,1255,1175,638,520,2683,Health Care,Retail Trade,Construction,Education,Accommodation and Food Service,779,701,243,201,178,Chicago,Oak Lawn,Evergreen Park,Blue Island,Orland Park,5621,126,97,89,74,Chicago,Blue Island,Oak Lawn,Evergreen Park,Orland Park,1201,85,71,50,44,16440,2.787221418,2109.222,909.4989098,43.120113,68.92632741,3.267855513,6.911618884,0.3276857,106.5771093,5.052910946,183.0124449,8.676774892,63.12583423,2.992849223,658.8749913,31.23782093,0,0,55.36506711,2.624904686,56.92969697,2.699085112,23584,6264,4376,4369,4911,2334,1330,39.20808495,7774,466,14828,103,413,23206,18475,11501,9860,1632,6975,390,9275,6900,471,1645,204,54,15806,14394,4712,1571,1685,1344,1155,1371,863,63541.66667,7990,6044,1947,1069,9060,6580,570,282,412,1166,6.54305835,399,1317,4804,2540,n/a,709,2221,3714,1929,487,1930,3325,653,135,178496.9088
Mount Greenwood,18820,19093,273,9340,Public Administration,Education,Health Care,Retail Trade,Accommodation and Food Service,2066,1435,1020,736,602,2887,Education,Retail Trade,Administration,Health Care,Accommodation and Food Service,1025,568,296,271,217,Chicago,Oak Lawn,Evergreen Park,Alsip,Orland Park,5301,320,241,151,111,Chicago,Oak Lawn,Evergreen Park,Orland Park,Tinley Park,1029,215,137,101,55,15149,2.847803775,1735.183435,748.8761447,43.15832722,19.35898839,1.115673882,8.183037484,0.471594952,37.03622638,2.134427153,523.1997404,30.15241674,0.181816514,0.01047823,365.317166,21.05351853,0,0,30.37510665,1.75054153,2.655208215,0.153021759,18397,5623,3132,3986,3613,1345,698,36.74410112,16110,1120,827,169,171,17774,14076,9763,8905,849,4313,236,8539,7186,541,577,222,13,11637,11132,3843,684,802,1123,1193,1670,989,88023.88935,6461,5758,703,558,7019,6189,69,55,104,585,6.288783482,161,935,5198,725,n/a,462,1717,3548,1047,245,581,3986,1099,92,233836.858
Near North Side,72811,80484,7673,38971,Professional,Finance,Health Care,Education,Accommodation and Food Service,7601,5340,4206,3641,2479,146962,Accommodation and Food Service,Professional,Health Care,Retail Trade,Other Service,25781,20821,14665,14317,12984,Chicago,Evanston,Schaumburg,Oak Brook,Naperville,29380,702,373,372,323,Chicago,Evanston,Oak Park,Skokie,Berwyn,83257,1753,1697,1343,962,5527,0.848131933,1754.455245,84.75737739,4.830979739,293.5673541,16.73267842,20.87319919,1.189725372,293.181718,16.71069803,120.5066696,6.86860893,81.68138586,4.655655145,715.6667152,40.79139194,0.981436983,0.055939699,78.94193334,4.499512517,64.29745491,3.664810209,83215,7375,34090,15326,13984,9411,3029,35.11989183,59441,4853,8217,8762,1942,81442,77348,57401,53232,4169,19947,3902,48817,13787,1435,13694,16754,3147,69102,67402,53430,10108,6623,7958,6117,7844,13889,81459.45725,52539,22377,30162,9434,61973,1089,1924,286,1709,56915,3.724824481,14843,23538,15046,8546,n/a,36271,17170,7123,980,429,859,6057,6625,8836,421504.8382
Near South Side,9509,21390,11881,10805,Professional,Health Care,Education,Finance,Administration,1717,1421,1325,1271,663,13346,Arts and Entertainment,Health Care,Administration,Accommodation and Food Service,Other Service,4062,2706,1927,1581,602,Chicago,Evanston,Schaumburg,Naperville,Oak Brook,7685,149,97,84,80,Chicago,Oak Park,Oak Lawn,Cicero town,Berwyn,8969,113,102,91,84,9031,34.83690488,1140.711237,57.73754471,5.061539052,98.16442397,8.605545454,8.57851467,0.7520321,327.2670656,28.68973804,49.05460307,4.300352403,17.05036026,1.494713098,324.1649542,28.41779267,0,0,179.2748469,15.71605864,79.41892324,6.962228537,21042,3050,7468,5166,3474,1552,332,35.00581717,10384,1257,5078,3762,561,20844,18387,14943,14144,796,3444,1011,12551,5945,1016,3865,1397,328,16839,15669,11747,1939,2172,2094,1247,1933,2806,73763.17771,12191,5930,6261,2177,14368,354,1544,44,422,11991,3.797743056,9142,2293,1101,1832,n/a,5966,6389,1770,204,39,126,1972,2160,1672,354459.799
Near West Side,46419,54881,8462,24630,Professional,Health Care,Education,Finance,Administration,3691,3395,2857,2680,1540,110158,Health Care,Finance,Education,Professional,Administration,19892,16112,13945,12948,8475,Chicago,Evanston,Naperville,Schaumburg,Oak Brook,16932,371,212,210,207,Chicago,Oak Park,Evanston,Berwyn,Cicero town,56499,1976,997,874,866,9167,1.478760344,3638.50093,146.2824381,4.020404032,346.8398734,9.53249374,43.68096011,1.20052079,394.0454939,10.82988575,554.7432568,15.24647836,314.5847638,8.645999268,1566.145443,43.0437005,0,0,56.59490421,1.555445644,215.583797,5.925071922,55877,10637,24280,10457,6827,2746,930,30.96867671,23559,5890,17328,7917,1183,51886,48558,34956,31226,3709,13602,1456,29468,11835,1778,7814,7547,494,38583,34891,24243,7140,3242,3890,3206,4116,4697,67446.35673,26291,10052,16239,3216,29507,1418,2269,1653,3226,20919,3.981521608,10667,7953,2987,7900,n/a,12229,10968,4833,1191,286,563,3640,4553,1296,325377.7367
New City,51721,44377,-7344,10609,Manufacturing,Health Care,Retail Trade,Administration,Accommodation and Food Service,1425,1229,1123,1101,1069,11444,Manufacturing,Transportation,Wholesale Trade,Retail Trade,Other Service,4720,1327,1248,1125,779,Chicago,Bedford Park,Cicero town,Schaumburg,Des Plaines,7051,115,111,84,83,Chicago,Cicero town,Oak Lawn,Burbank,Berwyn,6340,185,146,142,82,10976,1.615763713,3090.85174,245.299122,7.93629532,336.4571336,10.88557983,31.90855669,1.032354813,166.2006327,5.377179065,83.04921118,2.686936099,689.927428,22.32159566,1160.916839,37.55977111,0,0,83.76433226,2.710072799,293.3284848,9.490215302,41689,14826,9895,8508,5905,1997,557,28.71724138,6120,22419,11974,804,372,41428,30023,18736,14305,4432,11287,345,13489,7166,2263,3171,889,0,23155,14052,1696,4230,3741,1734,846,563,256,32332.81087,11370,4679,6688,4192,15558,3496,285,5774,4277,1692,5.365767878,723,1210,3094,10531,n/a,1731,6003,5736,1498,590,2069,2232,339,42,156926.0204
North Center,31895,31867,-28,17942,Professional,Health Care,Finance,Education,Retail Trade,2437,1965,1880,1754,1527,9875,Retail Trade,Finance,Manufacturing,Information,Accommodation and Food Service,1928,1667,997,951,864,Chicago,Evanston,Skokie,Des Plaines,Glenview,11332,382,230,183,179,Chicago,Skokie,Evanston,Berwyn,Des Plaines,5491,128,124,63,62,11230,1.307108584,1309.788707,227.2726415,17.35185533,314.4925883,24.01094059,46.47470642,3.548259821,73.63276984,5.621728868,76.16209074,5.814837946,87.53733154,6.683317018,437.1241641,33.37363972,0,0,38.39883878,2.931681925,8.693575641,0.663738784,34534,6732,12069,8722,4441,1936,634,33.45976241,26755,4962,639,1270,908,34442,28442,22870,21629,1225,5572,1685,19763,10782,1375,6107,1364,135,26176,24805,17465,1590,2292,2622,1864,2712,3850,87888.9485,14930,7510,7420,1515,16445,3881,457,4100,3660,4305,5.635305139,2607,1372,1951,10515,n/a,3371,6463,4098,1648,865,269,1270,2376,3595,484659.6357
North Lawndale,41768,35912,-5856,9247,Health Care,Retail Trade,Administration,Education,Accommodation and Food Service,1903,1044,887,885,723,5760,Manufacturing,Health Care,Retail Trade,Wholesale Trade,Education,1271,1216,641,598,588,Chicago,Cicero town,Oak Park,Broadview,Melrose Park,6033,160,142,99,84,Chicago,Cicero town,Berwyn,Oak Park,Oak Lawn,3303,159,122,75,51,7938,4.13367433,2054.356754,114.3742516,5.567399691,354.9611164,17.27845544,21.36860205,1.040160235,75.59585889,3.67978243,122.6788059,5.971640789,233.3701168,11.35976584,669.4243828,32.58559553,0,0,168.3816091,8.196317837,294.2020108,14.3208822,36169,13552,8213,5514,5863,2077,950,27.30709078,681,2187,32807,85,409,35342,25565,11960,9019,2941,13605,344,8371,4294,523,2946,267,341,19376,13911,1693,5706,2595,1380,599,380,151,23066.28057,10811,2663,8148,4037,14848,1651,431,4046,4995,3672,5.657724329,1342,1038,2134,10334,n/a,1994,5032,6030,1382,410,1290,1044,299,30,152914.3258
North Park,18514,17931,-583,6529,Health Care,Education,Retail Trade,Accommodation and Food Service,Manufacturing,1092,715,665,568,541,4726,Manufacturing,Health Care,Retail Trade,Accommodation and Food Service,Finance,907,684,602,526,295,Chicago,Skokie,Evanston,Lincolnwood,Glenview,3628,212,159,111,99,Chicago,Skokie,Glenview,Northbrook,Des Plaines,2269,201,71,65,62,13238,16.64846258,1613.613122,250.884366,15.54798747,248.0244195,15.3707488,5.214501716,0.323156874,80.46635036,4.98671889,392.9565932,24.35259034,70.33247103,4.358694787,323.2232072,20.03102248,0,0,237.5642715,14.72250493,4.946941387,0.306575431,19218,5064,4115,3889,2867,2297,986,36.4352861,9531,3457,381,5402,447,18593,15408,9700,8695,1005,5708,367,8203,5285,947,1270,600,101,13089,11547,5897,1681,1105,1070,955,871,761,58744.97992,6443,3478,2965,513,6956,2475,91,1076,1155,2128,5.740181269,306,1421,2913,2316,n/a,1727,2091,2101,693,344,294,1210,1612,362,322531.1601
Norwood Park,37543,37023,-520,17158,Health Care,Education,Public Administration,Retail Trade,Manufacturing,2232,1823,1802,1538,1313,13500,Health Care,Administration,Retail Trade,Finance,Accommodation and Food Service,8320,1330,683,597,559,Chicago,Des Plaines,Skokie,Niles,Park Ridge,9078,383,335,294,289,Chicago,Des Plaines,Skokie,Park Ridge,Mount Prospect,6435,372,336,279,236,13877,3.012774864,2799.807021,1322.440251,47.23326434,133.6874603,4.774881244,13.20083296,0.471490816,100.5487102,3.591272879,202.4609264,7.231245757,15.80775243,0.5646015,896.1232126,32.00660638,0,0,109.162007,3.898911825,6.375867811,0.22772526,37140,7902,6067,8260,7975,4012,2924,43.85221667,29301,5436,363,1475,564,36558,30308,19946,18132,1814,10362,556,17136,13192,1698,1782,365,100,27222,24587,8590,2426,3009,2276,2440,2440,1827,68811.57635,14419,11410,3008,1186,15604,10809,404,1107,600,2642,6.125721352,315,2282,9759,3247,n/a,1778,4719,6764,1856,486,1052,4699,4722,938,298903.0858
O'Hare,11665,12756,1091,5185,Health Care,Manufacturing,Retail Trade,Administration,Accommodation and Food Service,556,476,467,415,409,50522,Transportation,Information,Accommodation and Food Service,Administration,Professional,30492,3072,3033,2727,2285,Chicago,Elk Grove Village,Des Plaines,Rosemont,Schaumburg,2538,158,120,114,96,Chicago,Schaumburg,Des Plaines,Arlington Heights,Mount Prospect,15264,1040,686,669,618,15336,124.7169742,8536.205097,97.33730016,1.14028774,134.0280923,1.570113309,0,0,139.8222445,1.637990687,55.98485032,0.655851748,33.10546972,0.387824207,6620.046087,77.55256595,0,0,1454.737199,17.04196634,1.143853763,0.013400027,13890,2830,3736,2891,2672,1428,333,36.61486957,10239,1751,176,1319,405,13877,11314,7632,7006,626,3682,180,6684,5104,561,713,80,226,10315,9126,3355,1738,1629,1100,971,544,207,44300,6189,2781,3413,435,6630,855,28,350,446,4950,4.54377312,295,2953,3206,175,n/a,1611,3510,1472,21,16,1170,1045,502,62,170833.3333
Oakland,6110,5918,-192,1985,Health Care,Education,Administration,Accommodation and Food Service,Retail Trade,374,283,186,167,166,278,Health Care,Construction,Real Estate,Education,Finance,153,63,48,10,2,Chicago,Bedford Park,Evanston,Oak Lawn,Oak Brook,1558,15,14,13,10,Chicago,Calumet City,Calumet Park,Oak Lawn,Chicago Heights,174,5,5,4,3,8028,20.20603072,365.5176032,24.67093324,6.749588262,55.02136443,15.0529999,0.38070128,0.104154021,2.306626467,0.63105756,12.95268502,3.543655602,0,0,133.901826,36.63348217,0,0,93.29741944,25.52474043,42.98604729,11.76032205,6247,2165,1226,1303,930,489,134,31.67155172,105,200,5779,149,14,6241,4514,2976,2111,865,1538,91,1971,935,112,834,70,20,3738,3036,846,1595,533,278,98,143,178,21305.66802,2825,532,2293,319,3144,255,85,162,279,2363,4.366080662,1619,756,476,293,n/a,1033,1258,687,106,60,59,261,132,80,245180.7229
Portage Park,65340,64124,-1216,24338,Health Care,Retail Trade,Manufacturing,Administration,Accommodation and Food Service,2947,2738,2648,2228,2087,10187,Administration,Health Care,Retail Trade,Accommodation and Food Service,Finance,2421,2196,1948,738,637,Chicago,Elk Grove Village,Skokie,Des Plaines,Evanston,13655,577,567,461,361,Chicago,Des Plaines,Park Ridge,Niles,Skokie,4937,165,145,127,123,13081,1.089605753,2529.764416,938.0515981,37.08059107,398.7095665,15.76073898,41.85989895,1.654695539,146.4550861,5.789277657,89.76159501,3.548219528,24.75670014,0.978616822,811.8642879,32.09248588,0,0,70.06112711,2.769472393,8.244556142,0.325902131,63589,15771,13727,14419,12588,5287,1797,37.25598436,31863,27362,757,2461,1146,63452,50976,36359,31875,4433,14617,784,30441,20214,3781,5242,879,325,43962,35510,10135,4708,5934,4357,3006,3053,1432,53556.6706,22489,12662,9828,2278,24767,10074,274,5664,4439,4244,5.702366223,552,2424,7258,14534,n/a,4614,8790,7269,2837,1258,1292,7167,3752,451,257670.1154
Pullman,8921,7325,-1596,2402,Health Care,Education,Administration,Retail Trade,Public Administration,443,381,213,200,190,1699,Manufacturing,Education,Wholesale Trade,Retail Trade,Construction,758,431,161,97,65,Chicago,South Holland,Rolling Meadows,Oak Lawn,Alsip,1584,26,23,22,19,Chicago,Lansing,Calumet City,Oak Lawn,Tinley Park,726,28,25,18,16,12042,3.325613687,1354.494757,139.7074099,10.3143559,78.54793418,5.799057825,2.658253775,0.196254268,45.90089536,3.388783539,161.6066968,11.93114229,400.8160184,29.59155186,439.9181927,32.47839761,0,0,2.452325167,0.181050916,82.88703056,6.119405789,6934,1591,1379,1364,1432,850,318,40.44308511,582,675,5626,30,21,6934,5638,3436,2599,837,2202,30,2430,1298,281,789,62,0,4970,4234,1043,976,773,547,440,154,25,40818.45238,2915,1424,1491,530,3445,1047,1416,283,438,246,5.541595197,6,409,1637,1393,n/a,342,1575,1263,198,67,936,425,63,0,131935.4839
Riverdale,9809,6482,-3327,1288,Health Care,Retail Trade,Administration,Transportation,Accommodation and Food Service,292,162,153,111,110,1315,Manufacturing,Utilities,Transportation,Wholesale Trade,Health Care,474,233,228,116,80,Chicago,Calumet City,Rolling Meadows,Lansing,Oak Brook,764,21,14,13,12,Chicago,Calumet City,Orland Park,Tinley Park,Lansing,313,44,36,28,27,10209,27.94073406,2258.721095,223.5550319,9.897416394,49.8569831,2.207310288,0.977390241,0.043271843,28.59030657,1.265774098,58.48802626,2.58943109,331.3889544,14.6715305,1138.798354,50.41783852,6.687370084,0.296068873,269.2048118,11.91846184,151.1738662,6.692896549,7006,3282,1512,1223,581,332,76,21.64109589,0,308,6670,0,28,6956,4190,2340,1368,972,1850,91,1230,614,79,396,133,8,3010,2185,180,1643,377,175,98,0,0,14008.45865,2293,261,2032,1007,3300,610,1601,87,105,897,5.049147442,147,372,2242,539,n/a,471,1245,1142,359,83,248,13,0,0,80581.39535
Rogers Park,63484,54991,-8493,22568,Health Care,Education,Accommodation and Food Service,Retail Trade,Professional,3569,2577,2237,2185,1968,9724,Education,Health Care,Manufacturing,Other Service,Retail Trade,3242,2125,1649,795,609,Chicago,Evanston,Skokie,Glenview,Northbrook,12601,1576,580,279,245,Chicago,Skokie,Evanston,Niles,Oak Park,5478,489,347,140,120,8041,1.139995613,1175.400564,146.1614364,12.43503201,370.845858,31.55059385,21.38082507,1.819024571,63.57863747,5.409103876,79.32176396,6.748487825,50.45838877,4.292867497,370.9506368,31.55950815,0,0,68.60583659,5.836804804,4.097180935,0.348577418,57165,13194,18055,12566,9101,3044,1205,32.6592437,22304,14189,15461,3450,1761,54085,47074,33040,29747,3283,14034,1730,27541,10714,2391,11615,2499,322,37660,31060,15360,8253,5904,4171,2109,2562,1005,39440.38929,24004,6748,17256,3713,27717,1468,718,884,3295,21325,4.485426334,1195,3080,7747,15695,n/a,13556,9597,3259,865,440,1494,3735,1076,443,211241.2178
Roseland,52723,44619,-8104,12265,Health Care,Education,Public Administration,Retail Trade,Administration,2390,1735,1140,1115,1045,3384,Health Care,Transportation,Information,Accommodation and Food Service,Retail Trade,1046,518,456,450,281,Chicago,Oak Lawn,Bedford Park,Rolling Meadows,Calumet City,8370,113,99,91,79,Chicago,Dolton,Calumet City,Oak Lawn,South Holland,1755,74,71,62,56,12604,1.591302736,3083.430762,1147.281074,37.2079402,180.9862975,5.869640393,16.27617604,0.5278593,74.75517167,2.424415446,320.4347946,10.39215145,11.07583039,0.35920477,1125.446926,36.49982804,0,0,70.25545207,2.278483206,136.9190398,4.440477195,44495,12626,7602,8009,8965,5498,1795,39.21087234,505,488,42853,151,498,43817,35328,18414,14031,4312,16914,353,13315,8115,1270,3477,399,54,29099,24326,5236,5103,4305,2879,1290,1128,352,37469.84318,15057,8376,6681,3042,18099,10548,1394,2579,1461,2065,6.206090998,705,1311,8822,7261,n/a,1700,5746,6612,2702,1339,4824,3293,153,106,135181.7335
South Chicago,38596,31198,-7398,8098,Health Care,Education,Retail Trade,Administration,Accommodation and Food Service,1590,924,805,714,613,2412,Health Care,Retail Trade,Accommodation and Food Service,Education,Other Service,1058,403,171,123,116,Chicago,Oak Brook,Oak Lawn,Calumet City,Rolling Meadows,5462,63,61,59,50,Chicago,Lansing,Calumet City,Dolton,Orland Park,1325,59,51,30,22,10783,2.134226109,2137.769923,369.172164,17.26903163,273.6328749,12.79992164,25.22667895,1.180046491,55.26447796,2.585146202,72.849644,3.407740152,33.49456403,1.566799293,624.2801848,29.20240285,0,0,59.2686316,2.772451374,624.5807023,29.21646037,29052,8807,6017,5371,4824,3116,917,34.00362185,837,6570,21308,133,204,28907,21816,12136,9430,2706,9680,358,8678,4728,962,2566,307,115,17960,13439,2708,4683,2983,1330,782,481,296,29748.40256,10555,4295,6260,3727,14282,4034,371,3562,3465,2809,5.654443596,432,1612,4807,7431,n/a,2518,4756,4894,1565,549,2552,1517,192,34,125573.6715
South Deering,16990,15109,-1881,4591,Health Care,Education,Retail Trade,Manufacturing,Administration,830,547,426,421,374,4698,Manufacturing,Wholesale Trade,Retail Trade,Administration,Transportation,2989,433,283,271,199,Chicago,South Holland,Oak Lawn,Lansing,Alsip,2909,61,53,51,43,Chicago,Calumet City,Lansing,Chicago Heights,Dolton,1127,118,76,63,54,13606,2.108000868,6974.248734,416.4194248,5.970814071,63.36765573,0.90859472,8.900838838,0.127624339,73.85040424,1.05890121,40.47898535,0.580406391,587.530039,8.4242771,4657.062472,66.77511298,0,0,34.14622629,0.489604366,1092.492688,15.66466482,15743,4879,2793,3044,2881,1719,427,36.07070099,678,4813,10056,41,155,15688,12002,6415,5116,1299,5587,196,4621,2918,776,888,30,9,9788,7587,1100,2086,1290,910,455,240,69,31482.21344,5050,2931,2119,750,5800,2713,1747,622,358,354,5.871169126,56,593,3694,1457,n/a,487,2091,2353,659,210,2218,686,6,21,109958.8939
South Lawndale,91071,79288,-11783,15077,Manufacturing,Administration,Health Care,Retail Trade,Accommodation and Food Service,2904,1892,1545,1536,1469,12103,Manufacturing,Health Care,Transportation,Administration,Accommodation and Food Service,2313,2132,1885,1453,1121,Chicago,Cicero town,Bedford Park,Elk Grove Village,Melrose Park,8192,381,184,165,163,Chicago,Cicero town,Berwyn,Oak Lawn,Burbank,5985,374,213,147,95,11428,0.295003859,2938.448341,240.5978512,8.187921763,436.3505252,14.8496919,43.11434754,1.467248784,108.7342902,3.700398224,315.1233685,10.72414186,522.6941983,17.78810235,1057.616989,35.99236285,0,0,25.59149342,0.870918609,188.6252774,6.419213664,69951,22190,20400,14762,8574,3019,1006,28.69062187,2587,59082,8014,109,159,61839,52841,28666,23876,4790,24175,624,22580,11020,5614,3562,2052,332,40232,17830,2241,6841,5655,2430,1035,610,119,31515.70489,16690,5944,10746,4298,20988,3522,326,7560,6716,2834,4.97372452,197,784,3864,16143,n/a,2461,10693,6181,985,668,2683,2770,445,46,155976.0132
South Shore,61556,52010,-9546,15544,Health Care,Education,Administration,Retail Trade,Accommodation and Food Service,3227,1907,1389,1328,1250,4284,Health Care,Retail Trade,Administration,Accommodation and Food Service,Other Service,2229,689,227,218,199,Chicago,Evanston,Schaumburg,Oak Lawn,Oak Brook,11040,119,112,98,91,Chicago,Oak Lawn,Calumet City,Lansing,Harvey,2714,44,43,35,34,8989,2.640823572,1875.625306,373.8232693,19.93059424,466.7870991,24.88701222,19.37206658,1.032832438,97.74815633,5.211496988,67.17427886,3.58143381,17.33297825,0.924117317,601.1229214,32.04920084,0.071971228,0.003837186,149.9932645,7.99697381,82.1993006,4.382501149,51868,13768,11052,9958,10750,4625,1715,36.71762115,769,886,48908,127,1178,50973,41016,25077,19361,5716,15939,644,18091,9660,1225,6416,520,270,34052,29200,8022,10634,5555,3246,1786,1422,502,28501.86567,23145,5620,17525,6844,29989,3719,929,2332,6648,16328,5.04105126,967,3485,11802,13735,n/a,11035,10383,6030,1825,716,2234,2487,728,171,178892.944
The Loop,16388,29283,12895,14051,Professional,Finance,Health Care,Education,Administration,2602,1819,1558,1455,892,370833,Professional,Finance,Education,Public Administration,Administration,81336,70516,66161,37236,27648,Chicago,Evanston,Schaumburg,Oak Brook,Naperville,9537,200,145,133,119,Chicago,Oak Park,Evanston,Oak Lawn,Skokie,198140,4225,3702,2784,2640,6406,15.06769934,1059.071429,7.622030636,0.71968995,75.82804354,7.159861128,0.694776257,0.065602398,218.530908,20.63419918,33.52743411,3.165738703,0.608382495,0.057444897,427.103004,40.32806404,0,0,269.7115518,25.4667952,25.4452978,2.4026045,28614,3553,12648,5110,5243,1618,442,32.57752753,17626,1688,3454,5054,792,25300,26909,19698,18688,994,7211,1254,17323,4494,406,4672,7129,622,21394,20880,16863,2705,2000,2180,2076,3068,3620,86313.82466,15649,6311,9338,3353,19002,245,148,105,78,18298,3.667983565,7495,6292,1542,3673,n/a,10569,6859,1400,160,14,314,2366,2029,1602,334332.13
Uptown,63551,56362,-7189,23879,Health Care,Professional,Education,Accommodation and Food Service,Finance,3315,3114,2438,2376,2201,12081,Health Care,Education,Retail Trade,Finance,Accommodation and Food Service,5418,1254,944,933,751,Chicago,Evanston,Skokie,Schaumburg,Glenview,17426,828,403,231,215,Chicago,Skokie,Evanston,Des Plaines,Lincolnwood,8263,315,206,101,101,6487,5.402105078,1483.244033,83.63290366,5.638512734,352.3214983,23.75344114,24.26852847,1.636179073,69.3678465,4.676765588,241.1785235,16.26020521,8.77034429,0.591294763,357.5590991,24.10655908,0,0,333.6799608,22.49663261,12.46532808,0.840409791,54449,6900,18153,13558,9653,4244,1941,36.97592386,29312,6627,10796,5803,1911,51700,48786,34911,31532,3370,13875,2296,28841,10370,1939,13658,2279,595,44169,39278,23526,10432,5169,4149,3384,3352,2717,44430.06608,29203,9334,19869,3135,32338,1082,561,992,2018,27671,4.014203347,2036,4785,7869,17648,n/a,18024,9133,4337,564,280,1473,4117,3170,574,268901.6173
Washington Heights,29843,26493,-3350,8061,Health Care,Education,Public Administration,Retail Trade,Transportation,1622,1169,742,661,610,2030,Health Care,Retail Trade,Education,Accommodation and Food Service,Manufacturing,669,465,364,147,138,Chicago,Oak Lawn,Bedford Park,Alsip,Blue Island,5820,109,78,63,62,Chicago,South Holland,Dolton,Calumet City,Oak Lawn,1052,51,44,36,28,13337,2.053372505,1828.192641,796.2696317,43.55501788,68.99103564,3.773728988,9.651754046,0.527939662,53.96510069,2.951827914,86.48895453,4.730844693,36.64124188,2.004233091,682.1357024,37.31202539,0,0,49.56903819,2.711368435,44.48018183,2.433013941,26241,6055,4559,4852,5341,4059,1375,43.22670572,248,290,25267,1,435,26024,21825,12321,9518,2803,9504,208,9000,5544,696,2487,166,107,18151,15974,3398,2678,2893,1655,996,1000,142,40418.5022,9364,6324,3040,1162,10526,7670,125,657,756,1313,6.201771654,207,1077,5924,3318,n/a,1018,2876,4703,1257,672,3344,2860,113,7,145926.5891
Washington Park,14146,11717,-2429,3313,Health Care,Education,Administration,Retail Trade,Accommodation and Food Service,715,337,333,332,277,500,Accommodation and Food Service,Education,Health Care,Manufacturing,Arts and Entertainment,84,82,67,52,51,Chicago,Evanston,Rolling Meadows,Bedford Park,Schaumburg,2135,35,26,25,22,Chicago,Oak Lawn,Burbank,Hazel Crest,Bridgeview,351,11,6,5,4,7159,22.9178837,972.7743567,15.50563117,1.593959695,130.0708727,13.37112474,6.041545428,0.621063393,21.61276167,2.221765152,46.37888586,4.767692069,12.98768962,1.33511842,229.9359741,23.63713358,0,0,349.3863134,35.91648063,160.8546828,16.53566232,11530,4653,2410,1819,1719,655,274,26.74955527,13,170,11202,0,145,11454,7681,4582,3125,1457,3099,60,2932,1197,311,1275,122,27,6046,4463,920,2384,868,464,268,98,98,19319.37173,4180,721,3459,1412,5592,276,212,353,1447,3291,5.308192458,418,1011,1831,2332,n/a,874,2178,1918,529,93,314,355,17,35,160966.9811
West Elsdon,15921,18109,2188,5805,Manufacturing,Retail Trade,Administration,Health Care,Accommodation and Food Service,933,584,564,563,540,2065,Retail Trade,Accommodation and Food Service,Manufacturing,Finance,Health Care,796,388,176,176,136,Chicago,Bedford Park,Cicero town,Alsip,Oak Brook,3387,146,81,78,55,Chicago,Cicero town,Burbank,Oak Lawn,Berwyn,929,34,32,31,23,15397,1.090785899,750.946334,339.4112083,45.19779816,41.66106778,5.547808931,5.082172132,0.676769018,47.19591767,6.284858922,15.27805188,2.034506487,35.24233024,4.693055768,239.6917778,31.91862946,0,0,16.0587767,2.138471949,11.32503145,1.508101303,19543,6491,4499,4123,2662,1219,548,31.1668125,3536,15418,268,285,36,19531,14350,9732,8108,1624,4618,83,7694,4979,1176,1205,310,25,11444,7485,1107,1083,1731,879,706,631,51,46031.97674,5081,3705,1375,331,5412,3664,196,494,534,515,5.885892116,174,885,3298,1055,n/a,391,1606,2261,717,437,1280,2115,269,42,175196.5409
West Englewood,45282,35505,-9777,10361,Health Care,Retail Trade,Administration,Accommodation and Food Service,Education,2086,1183,984,891,887,1503,Health Care,Retail Trade,Accommodation and Food Service,Manufacturing,Education,479,393,115,109,88,Chicago,Oak Lawn,Bedford Park,Bridgeview,Rolling Meadows,6034,100,90,78,76,Chicago,Bridgeview,Oak Lawn,Calumet City,Orland Park,790,18,18,14,14,9811,1.820793971,2019.009268,514.5707509,25.48629959,205.5630268,10.18138104,19.57741358,0.969654468,54.42158837,2.695460057,94.92483469,4.701555172,42.21031041,2.090644707,754.8162133,37.3854754,0,0,80.52980503,3.988580255,252.3953254,12.50094932,34632,11156,7289,6535,5326,3340,986,32.43581292,358,985,32827,40,422,34390,26413,14318,9008,5310,12095,395,8242,3988,915,2951,317,71,20580,15227,1428,4875,2965,1290,550,404,99,26435.67639,10183,4666,5517,3287,13470,6876,213,3912,1640,800,6.1921946,408,1100,3465,8497,n/a,1361,3583,5083,2311,1132,3534,1016,53,63,99838.70968
West Garfield Park,23019,18001,-5018,5161,Health Care,Retail Trade,Administration,Education,Transportation,1011,656,501,459,403,1853,Manufacturing,Retail Trade,Health Care,Accommodation and Food Service,Other Service,594,393,274,131,95,Chicago,Cicero town,Oak Park,Melrose Park,Broadview,3083,68,66,56,53,Chicago,Oak Park,Cicero town,Berwyn,Skokie,1117,32,30,22,22,7871,0.209938005,828.5811108,52.06273891,6.283360583,196.7690486,23.74771112,9.872615515,1.191508639,38.50505867,4.64710795,43.47592238,5.247032766,39.2997904,4.743022727,333.7567777,40.28051972,0,0,4.555159919,0.549754256,110.2839987,13.30998224,18724,6626,4399,3228,2652,1429,389,28.03563596,290,156,18174,26,77,18550,13345,6061,4398,1663,7284,170,4134,2101,206,1398,119,309,10210,7605,635,2724,1397,721,415,187,21,25132.74336,5465,1478,3987,2404,7869,821,93,3184,1750,2007,5.768317853,211,408,1126,6124,n/a,1601,2342,2758,933,234,529,723,197,29,171516.3934
West Lawn,29235,33355,4120,10676,Manufacturing,Retail Trade,Health Care,Administration,Accommodation and Food Service,1658,1121,1118,1019,1000,6444,Manufacturing,Retail Trade,Education,Accommodation and Food Service,Health Care,1840,1734,723,516,380,Chicago,Bedford Park,Cicero town,Bridgeview,Oak Brook,6086,274,143,113,108,Chicago,Oak Lawn,Burbank,Cicero town,Tinley Park,2984,144,99,93,73,15652,1.899016274,1889.706861,616.4667939,32.62235041,81.51296017,4.313524064,10.79005066,0.570990712,171.2545769,9.062494319,94.07962995,4.978530369,191.1109821,10.11326074,636.6051393,33.68803662,0,0,35.65278874,1.886683564,52.23393898,2.764129192,33199,11064,8277,6598,4746,1548,966,30.67700409,5306,26576,1097,108,112,33187,24120,16196,14310,1886,7924,269,13589,9079,2496,1655,329,30,19654,13151,1857,1809,2826,1665,1389,935,307,47639.27577,8931,6651,2280,791,9722,6853,150,989,628,1074,6.246663797,365,1222,6520,1615,n/a,728,2314,4148,1730,802,2244,4281,105,21,167625.4889
West Pullman,36649,29651,-6998,9481,Health Care,Education,Retail Trade,Administration,Public Administration,1839,1069,1026,887,822,1062,Manufacturing,Retail Trade,Health Care,Wholesale Trade,Other Service,306,296,115,90,49,Chicago,Blue Island,Alsip,Oak Lawn,Bedford Park,5188,78,70,70,68,Chicago,Calumet City,Harvey,Orland Park,Tinley Park,369,22,18,18,18,14135,1.79719116,2281.120198,861.1464323,37.75103272,118.7957674,5.207782015,12.82087249,0.562042829,49.21726563,2.157591944,87.79555539,3.848791286,63.71717888,2.793240748,816.9565814,35.81383314,0.212536662,0.009317206,43.46702451,1.905512237,226.9909832,9.950855874,29808,9671,5382,5449,5121,3280,905,34.46764706,314,1224,28002,52,215,29730,22175,11785,9015,2770,10390,411,8262,4951,914,2022,315,59,18091,14487,2709,3420,2447,1541,982,646,247,35733.47107,9283,5668,3615,2252,11535,7879,295,2100,589,586,6.335035006,190,1312,6309,3725,n/a,697,2445,5670,1781,942,3720,1826,72,50,121938.7755
West Ridge,73199,71942,-1257,23969,Health Care,Retail Trade,Education,Accommodation and Food Service,Professional,4307,2552,2461,2203,1784,9662,Health Care,Retail Trade,Accommodation and Food Service,Professional,Other Service,4389,1326,1032,758,431,Chicago,Evanston,Skokie,Lincolnwood,Des Plaines,14046,1270,1190,335,315,Chicago,Skokie,Evanston,Niles,Lincolnwood,4954,446,196,134,126,11672,2.588385332,2259.630138,553.3459363,24.48834112,510.1193318,22.57534644,27.58925858,1.220963472,139.0717766,6.154625674,165.7703387,7.336171346,2.962215791,0.131092949,655.5810244,29.01275804,0,0,188.5321186,8.343494603,16.658137,0.737206356,73305,20220,15438,15029,13424,6728,2466,35.91358268,31630,13994,7529,17702,2450,71796,56197,35136,31573,3563,21061,1126,29872,18724,3132,5351,2288,377,48724,39158,18108,6253,6635,4165,2671,2723,1722,47048.12638,24169,11863,12306,3401,27570,5296,1356,2979,6962,10926,5.473442817,1001,2907,11962,11700,n/a,6843,9444,8858,1789,636,3421,4001,3832,609,243299.5495
West Town,87435,82236,-5199,39396,Professional,Health Care,Education,Accommodation and Food Service,Finance,5340,4439,3644,3608,3586,29307,Administration,Accommodation and Food Service,Health Care,Retail Trade,Other Service,5477,3515,3425,3374,2194,Chicago,Evanston,Oak Brook,Des Plaines,Skokie,27625,578,381,359,334,Chicago,Cicero town,Oak Park,Berwyn,Skokie,17490,365,284,283,268,9811,2.496372965,2928.45305,218.036912,7.445463809,682.8792506,23.31877066,137.5801033,4.69804709,165.6293878,5.655866254,133.4706383,4.557718223,193.5190562,6.608234891,1088.025977,37.15360835,0,0,239.3297377,8.172565297,69.98198701,2.389725422,84559,14823,36486,18868,9135,3803,1444,31.74530838,48847,23984,6490,3271,1967,83941,72284,57494,53369,4062,14790,3332,49110,22580,3264,17009,5458,799,62805,54994,37609,7462,6459,5950,4595,5947,7000,69640.22706,37413,14434,22979,3702,41115,4420,1736,5894,14261,14752,4.95434268,7631,6754,5547,21183,n/a,8668,19240,10147,2330,730,685,2841,6745,4163,390266.5688
Woodlawn,27086,23740,-3346,6873,Health Care,Education,Administration,Retail Trade,Accommodation and Food Service,1360,984,599,583,562,2121,Accommodation and Food Service,Education,Health Care,Other Service,Real Estate,473,411,264,245,242,Chicago,Schaumburg,Oak Lawn,Evanston,Oak Brook,4993,66,53,45,43,Chicago,Evanston,Harvey,Oak Lawn,Skokie,1534,18,17,17,16,8543,13.35735572,1325.242649,63.84436362,4.817560293,255.1463977,19.25280612,7.442405017,0.561588101,37.67839169,2.843131538,140.3439124,10.59005402,3.804854503,0.287106252,349.1159581,26.34354988,0,0,348.3658317,26.28694693,119.5005338,9.017256872,21869,6766,4829,4083,3834,1750,607,32.85420354,1849,354,18567,682,417,20670,17201,9831,7453,2363,7370,265,6763,3083,554,2130,885,111,13309,11230,3181,4502,2080,1082,570,495,198,24735.57692,8927,1933,6994,3256,12183,955,528,2168,3425,5093,5.274070385,936,2394,3872,4981,n/a,2943,3848,4179,946,267,744,906,245,38,183020.8333
